mt_id,project_asv_id,project_sample_id,image_id,class,order,suborder,infraorder,superfamily,family,subfamily,tribe,subtribe,genus,subgenus,species,subspecies,db_id,institution_code,ncbi_species,ncbi_id_rank,ncbi_taxid,locality,subregion,country,latitude,longitude,authors,genbank_accession,contigname,run_id,mmg_library_id,projectname,chimera_notes,variant_status,metadata_source,specimen_id,morphospecies,lowest_taxon,taxonomy_notes,collection_method,collection_method_category,collection_method_notes,plotid,province_state_territory,habitat
BIOD00001,6KP2253,CH_FIT2_P1_Adult_756_A02_1427008_Elateridae,CH_Elat1,Insecta,Coleoptera,Polyphaga,Elateriformia,Elateroidea,Elateridae,Agrypninae,Pyrophorini,,,,,NA,NA,BMNH,NA,NA,NA,Cerro Hoya,NA,Panama,NA,NA,,,,NA,,,,,,1427008,CH_Elat1,Elateridae,,FIT,Passive,FIT2,P1,NA,
BIOD00010,6KP552,CH_MALAISE1_P1_Adult_761_B06_1687195_Elateridae,CH_Elat8_Dorsal,Insecta,Coleoptera,Polyphaga,Elateriformia,Elateroidea,Elateridae,Elaterinae,,,,,,NA,NA,BMNH,NA,NA,NA,Cerro Hoya,NA,Panama,NA,NA,,,,NA,,,,,,1687195,CH_Elat8,Elateridae,,Malaise,Passive,Malaise1,P1,NHMUK1723022,
BIOD00016,6KP1535,MS214,MS214,Insecta,Coleoptera,Polyphaga,Elateriformia,Elateroidea,Elateridae,Agrypninae,Agrypnini,,Adelocera,,,NA,NA,BMNH,NA,NA,NA,Poring,NA,Malaysia,NA,NA,,,,NA,,,,,,1723143,MS214,Agrypninae,"genus was ""Agraeus|Adelocera""",Beating,Active,,PB,NA,
BIOD00057,6KP96,CH_FIT2_P1_Adult_755_H10_1427004_Elateridae,CH_Elat4_Dorsal,Insecta,Coleoptera,Polyphaga,Elateriformia,Elateroidea,Elateridae,,,,,,,NA,NA,BMNH,NA,NA,NA,Cerro Hoya,NA,Panama,NA,NA,,,,NA,,,,,,1427004,CH_Elat4,Elateridae,,FIT,Passive,FIT2,P1,ENQ1880,
BIOD00121,6KP1671,MS530,MS530,Insecta,Coleoptera,Polyphaga,Elateriformia,Elateroidea,Elateridae,Elaterinae,Megapenthini,,,,,NA,NA,BMNH,NA,NA,NA,Poring,NA,Malaysia,NA,NA,,,,NA,,,,,,1723459,MS530,Elateridae,,Beating,Active,,PA,MS1397,
BIOD00180,6KP2330,FG_LL_P7_Adult_732_E06_1425720_Elateridae,,Insecta,Coleoptera,Polyphaga,Elateriformia,Elateroidea,Elateridae,,,,,,,NA,NA,BMNH,NA,NA,NA,Noragues,NA,French Guiana,NA,NA,,,,NA,,,,,,1425720,FG_45,Elateridae,,Leaf_Litter,Active,,P7,NA,
BIOD00225,6KP1863,MS741,MS741,Insecta,Coleoptera,Polyphaga,Elateriformia,Elateroidea,Elateridae,Agrypninae,Agrypnini,,Adelocera,,,NA,NA,BMNH,NA,NA,NA,Poring,NA,Malaysia,NA,NA,,,,NA,,,,,,1723670,MS741,Agrypninae,,Beating,Active,,PC,Sabah,
BIOD00254,6KP1136,MS210,MS210,Insecta,Coleoptera,Polyphaga,Elateriformia,Elateroidea,Elateridae,Elaterinae,Synaptini,,,,,NA,NA,BMNH,NA,NA,NA,Poring,NA,Malaysia,NA,NA,,,,NA,,,,,,1723139,MS210,Elateridae,,Beating,Active,,PB,Sabah,
BIOD00272,6KP861,CH_MALAISE2_P1_Adult_768_F05_1721742_Elateridae,CH_Elat22_Dorsal,Insecta,Coleoptera,Polyphaga,Elateriformia,Elateroidea,Elateridae,Elaterinae,,,,,,NA,NA,BMNH,NA,NA,NA,Cerro Hoya,NA,Panama,NA,NA,,,,NA,,,,,,1721742,CH_Elat22,Elateridae,,Malaise,Passive,Malaise2,P1,,
BIOD00274,6KP4049,FG_FIT1_P5_Adult_771_F04_1274941_Elateridae,,Insecta,Coleoptera,Polyphaga,Elateriformia,Elateroidea,Elateridae,,,,,,,NA,NA,BMNH,NA,NA,NA,Noragues,NA,French Guiana,NA,NA,,,,NA,,,,,,1274941,P5FIT1Elat1,Elateridae,,FIT,Passive,FIT1,P5,,
BIOD00345,6KP1088,MS680,MS680,Insecta,Coleoptera,Polyphaga,Elateriformia,Elateroidea,Elateridae,Elaterinae,Physorhinini,,,,,NA,NA,BMNH,NA,NA,NA,Poring,NA,Malaysia,NA,NA,,,,NA,,,,,,1723609,MS680,Elateridae,,Beating,Active,,PC,Sabah,
BIOD00409,6KP821,DV_Elat6,,Insecta,Coleoptera,Polyphaga,Elateriformia,Elateroidea,Elateridae,Elaterinae,,,,,,NA,NA,,NA,NA,NA,Danum Valley,NA,Malaysia,NA,NA,,,,NA,,,,,,NA,Elat6,Elateridae,,,,,,Sabah,
BIOD00530,,,,Insecta,Coleoptera,Polyphaga,Elateriformia,Elateroidea,Elateridae,,,,,,,NA,NA,,NA,NA,NA,,NA,,NA,NA,,,,NA,,,,,,NA,,Coleoptera,,,,,,,
BIOD00574,6KP402,MS915,MS915,Insecta,Coleoptera,Polyphaga,Elateriformia,Elateroidea,Elateridae,Elaterinae,Physorhinini,,,,,NA,NA,BMNH,NA,NA,NA,Poring,NA,Malaysia,NA,NA,,,,NA,,,,,,1723844,MS915,Elateridae,,Beating,Active,,PD,Sabah,
BIOD00679,6KP690,MS195,MS195,Insecta,Coleoptera,Polyphaga,Elateriformia,Elateroidea,Elateridae,Elaterinae,Megapenthini,,Abelater,,,NA,NA,BMNH,NA,NA,NA,Poring,NA,Malaysia,NA,NA,,,,NA,,,,,,1723124,MS195,Elateridae,,Beating,Active,,PB,Sabah,
BIOD00869,6KP2485,SF_FIT1_P1_Adult_746_A02_1426047_Elateridae,SF_Elat1,Insecta,Coleoptera,Polyphaga,Elateriformia,Elateroidea,Elateridae,Agrypninae,Platycrepidiini,,Platycrepidius,,Platycrepidius costaricensis,NA,NA,BMNH,NA,NA,NA,Santa Fe,NA,Panama,NA,NA,,,,NA,,,,,,1426047,SF_Elat1,Elateridae,,FIT,Passive,FIT1,P1,,
BIOD00911,6KP1596,SF_MALAISE2_P1_Adult_766_F04_1721549_Elateridae,SF_Elat10,Insecta,Coleoptera,Polyphaga,Elateriformia,Elateroidea,Elateridae,Elaterinae,Physorhinini,,Anchastus,,,NA,NA,BMNH,NA,NA,NA,Santa Fe,NA,Panama,NA,NA,,,,NA,,,,,,1721549,SF_Elat10,Elateridae,,Malaise,Passive,Malaise2,P1,,
BIOD00938,6KP1177,MS1443,MS1443,Insecta,Coleoptera,Polyphaga,Elateriformia,Elateroidea,Elateridae,Elaterinae,Synaptini,,,,,NA,NA,,NA,NA,NA,Poring,NA,Malaysia,NA,NA,,,,NA,,,,,,NA,MS1443,Elateridae,,Beating,Active,,PD,Sabah,
BIOD01092,6KP3498,MS1970,MS1970,Insecta,Coleoptera,Polyphaga,Elateriformia,Elateroidea,Elateridae,Elaterinae,Physorhinini,,,,,NA,NA,BMNH,NA,NA,NA,Poring,NA,Malaysia,NA,NA,,,,NA,,,,,,1732808,MS1970,Elateridae,,FIT,Passive,FIT1,PA,Sabah,
BIOD01095,6KP1149,MS808,MS808,Insecta,Coleoptera,Polyphaga,Elateriformia,Elateroidea,Elateridae,Melanotinae,Melanotini,,Melanotus,,,NA,NA,BMNH,NA,NA,NA,Poring,NA,Malaysia,NA,NA,,,,NA,,,,,,1723737,MS808,Elateridae,,Beating,Active,,PD,Sabah,
BIOD01098,6KP230,CH_MALAISE1_P5_Adult_767_F10_1721651_Elateridae,CH_Elat19,Insecta,Coleoptera,Polyphaga,Elateriformia,Elateroidea,Elateridae,,,,,,,NA,NA,BMNH,NA,NA,NA,Cerro Hoya,NA,Panama,NA,NA,,,,NA,,,,,,1721651,CH_Elat19,Elateridae,,Malaise,Passive,Malaise1,P5,,
BIOD01137,6KP969,SF_MALAISE1_P1_Adult_766_A08_1721493_Eucnemidae,SF_Euc23,Insecta,Coleoptera,Polyphaga,Elateriformia,Elateroidea,Elateridae,,,,,,,NA,NA,BMNH,NA,NA,NA,Santa Fe,NA,Panama,NA,NA,,,,NA,,,,,,1721493,SF_Euc23,Elateridae,,Malaise,Passive,Malaise1,P1,,
BIOD01151,6KP359,CH_FIT1_P1_Adult_768_F09_1721746_Elateridae,CH_Elat23,Insecta,Coleoptera,Polyphaga,Elateriformia,Elateroidea,Elateridae,Agrypninae,,,,,,NA,NA,BMNH,NA,NA,NA,Cerro Hoya,NA,Panama,NA,NA,,,,NA,,,,,,1721746,CH_Elat23,Elateridae,,FIT,Passive,FIT1,P1,,
BIOD01368,,,,Insecta,Coleoptera,Polyphaga,Elateriformia,Elateroidea,Elateridae,Agrypninae,,,,,,NA,NA,,NA,NA,NA,,NA,,NA,NA,,,,NA,,,,,,NA,,Coleoptera,,,,,,,
BIOD01469,6KP3055,SF_FIT1_P6_Adult_749_E05_1426386_Elateridae,SF_Elat2,Insecta,Coleoptera,Polyphaga,Elateriformia,Elateroidea,Elateridae,,,,,,,NA,NA,BMNH,NA,NA,NA,Santa Fe,NA,Panama,NA,NA,,,,NA,,,,,,1426386,SF_Elat2,Elateridae,,FIT,Passive,FIT1,P6,,
BIOD01488,6KP5395,CH_FIT1_P1_Adult_756_H11_1427101_Elateridae,CH_Elat3,Insecta,Coleoptera,Polyphaga,Elateriformia,Elateroidea,Elateridae,,,,,,,NA,NA,BMNH,NA,NA,NA,Cerro Hoya,NA,Panama,NA,NA,,,,NA,,,,,,1427101,CH_Elat3,Elateridae,,FIT,Passive,FIT1,P1,,
BIOD01513,6KP5910,MS1871,MS1871,Insecta,Coleoptera,Polyphaga,Elateriformia,Elateroidea,Elateridae,Agrypninae,Hemirhipini,,Cryptalaus,,,NA,NA,BMNH,NA,NA,NA,Poring,NA,Malaysia,NA,NA,,,,NA,,,,,,1732710,MS1871,Elateridae,,FIT,Passive,FIT1,PA,Sabah,
BIOD01574,6KP1605,MS351,MS351,Insecta,Coleoptera,Polyphaga,Elateriformia,Elateroidea,Elateridae,Elaterinae,Megapenthini,,,,,NA,NA,BMNH,NA,NA,NA,Poring,NA,Malaysia,NA,NA,,,,NA,,,,,,1723280,MS351,Elateridae,,Beating,Active,,PA,Sabah,
BIOD01639,6KP1698,MS237,MS237,Insecta,Coleoptera,Polyphaga,Elateriformia,Elateroidea,Elateridae,,,,,,,NA,NA,BMNH,NA,NA,NA,Poring,NA,Malaysia,NA,NA,,,,NA,,,,,,1723166,MS237,Elateridae,,Beating,Active,,PB,Sabah,
BIOD01641,6KP732,MS110,MS110,Insecta,Coleoptera,Polyphaga,Elateriformia,Elateroidea,Elateridae,Hemiopinae,,,Hemiops,,,NA,NA,BMNH,NA,NA,NA,Poring,NA,Malaysia,NA,NA,,,,NA,,,,,,1723039,MS110,Hemiops,,Malaise,Passive,,PC,Sabah,
BIOD01646,6KP462,MS843,MS843,Insecta,Coleoptera,Polyphaga,Elateriformia,Elateroidea,Elateridae,Elaterinae,Elaterini,Elaterina,Mulsanteus,,,NA,NA,BMNH,NA,NA,NA,Poring,NA,Malaysia,NA,NA,,,,NA,,,,,,1723772,MS843,Elateridae,,Beating,Active,,PD,Sabah,
BIOD01936,6KP738,MS723,MS723,Insecta,Coleoptera,Polyphaga,Elateriformia,Elateroidea,Elateridae,Negastriinae,,,,,,NA,NA,BMNH,NA,NA,NA,Poring,NA,Malaysia,NA,NA,,,,NA,,,,,,1723652,MS723,Elateridae,,Beating,Active,,PC,Sabah,
BIOD02136,,,,Insecta,Coleoptera,Polyphaga,Elateriformia,Elateroidea,Elateridae,,,,,,,NA,NA,BMNH,NA,NA,NA,Poring,NA,Malaysia,NA,NA,,,,NA,,,,,,1723310,MS381,Elateridae,,Beating,Active,,PA,Sabah,
BIOD02145,6KP2490,MS545,MS545,Insecta,Coleoptera,Polyphaga,Elateriformia,Elateroidea,Elateridae,Elaterinae,Megapenthini,,,,,NA,NA,BMNH,NA,NA,NA,Poring,NA,Malaysia,NA,NA,,,,NA,,,,,,1723474,MS545,Elateridae,,Beating,Active,,PA,Sabah,
BIOD02169,6KP1331,CH_MALAISE2_P1_Adult_768_D09_1721722_Elateridae,CH_Elat21,Insecta,Coleoptera,Polyphaga,Elateriformia,Elateroidea,Elateridae,Elaterinae,,,,,,NA,NA,BMNH,NA,NA,NA,Cerro Hoya,NA,Panama,NA,NA,,,,NA,,,,,,1721722,CH_Elat21,Elateridae,,Malaise,Passive,Malaise2,P1,,
BIOD02198,6KP2101,CH_FIT2_P7_Adult_757_E04_1427154_Throscidae,CH_Thros1,Insecta,Coleoptera,Polyphaga,Elateriformia,Elateroidea,Elateridae,,,,,,,NA,NA,BMNH,NA,NA,NA,Cerro Hoya,NA,Panama,NA,NA,,,,NA,,,,,,1427154,CH_Thros1,Elateridae,,FIT,Passive,FIT2,P7,,
BIOD02255,6KP3745,FG_FIT1_P7_Adult_779_B12_1275362_Elateridae,,Insecta,Coleoptera,Polyphaga,Elateriformia,Elateroidea,Elateridae,,,,,,,NA,NA,BMNH,NA,NA,NA,Noragues,NA,French Guiana,NA,NA,,,,NA,,,,,,1275362,P7FIT1Elat1,Elateridae,,FIT,Passive,FIT1,P7,,
BIOD02429,6KP2534,CH_FIT1_P1_Adult_769_B12_1721797_Unknown,CH_UNK115,Insecta,Coleoptera,Polyphaga,Elateriformia,Elateroidea,Elateridae,Lissominae,Lissomini,,Drapetes,,,NA,NA,BMNH,NA,NA,NA,Cerro Hoya,NA,Panama,NA,NA,,,,NA,,,,,,1721797,CH_UNK115,Drapetes,,FIT,Passive,FIT1,P1,,
BIOD02460,6KP4413,SF_SLAM2_P5_Adult_752_C04_1426650_Elateridae,SF_Elat7,Insecta,Coleoptera,Polyphaga,Elateriformia,Elateroidea,Elateridae,Elaterinae,Physorhinini,,Physorhinus,,,NA,NA,,NA,NA,NA,,NA,,NA,NA,,,,NA,,,,,,NA,,Coleoptera,,,,,,,
BIOD02476,6KP1656,CH_FIT1_P1_Adult_758_F02_1427260_Elateridae,CH_Elat5_Dorsal,Insecta,Coleoptera,Polyphaga,Elateriformia,Elateroidea,Elateridae,Elaterinae,,,,,,NA,NA,BMNH,NA,NA,NA,Cerro Hoya,NA,Panama,NA,NA,,,,NA,,,,,,1427260,CH_Elat5,Elateridae,,FIT,Passive,FIT1,P1,,
BIOD03158,6KP5184,SF_SLAM2_P1_Adult_755_D06_1426952_Elateridae,SF_Elat9,Insecta,Coleoptera,Polyphaga,Elateriformia,Elateroidea,Elateridae,Elaterinae,,,,,,NA,NA,BMNH,NA,NA,NA,Santa Fe,NA,Panama,NA,NA,,,,NA,,,,,,1426952,SF_Elat9,Elateridae,,Slam,Passive,SLAM2,P1,,
BIOD03192,MSL783,ECU4220-02-01-0001,4220-02-01-0001,Insecta,Coleoptera,Polyphaga,Elateriformia,Elateroidea,Elateridae,,,,,,,NA,NA,,NA,NA,NA,,NA,,NA,NA,,,seq1027,NA,Admera_lib07,,,,,NA,,,,,,,,,
BIOD03226,MSL785,ECU4201-03-0028,4201-03-0028,Insecta,Coleoptera,Polyphaga,Elateriformia,Elateroidea,Elateridae,,,,,,,NA,NA,,NA,NA,NA,,NA,,NA,NA,,,seq1058,NA,Admera_lib07,,,,,NA,,,,,,,,,
BIOD03258,MSL5403,ECU4233-03-0015,4233-03-0015,Insecta,Coleoptera,Polyphaga,Elateriformia,Elateroidea,Elateridae,,,,,,,NA,NA,,NA,NA,NA,,NA,,NA,NA,,,seq1087,NA,Admera_lib07,,,,,NA,,,,,,,,,
BIOD03311,MSL215,ECU4220-01-02-0010,4220-01-02-0010,Insecta,Coleoptera,Polyphaga,Elateriformia,Elateroidea,Elateridae,,,,,,,NA,NA,,NA,NA,NA,,NA,,NA,NA,,,seq1134,NA,Admera_lib07,,,,,NA,,,,,,,,,
BIOD03358,,,,Insecta,Coleoptera,Polyphaga,Elateriformia,Elateroidea,Elateridae,,,,,,,NA,NA,,NA,NA,NA,,NA,,NA,NA,,,seq1176,NA,Admera_lib07,,,,,NA,,,,,,,,,
BIOD03420,MSL565,ECU4229-01-01-0002,4229-01-01-0002,Insecta,Coleoptera,Polyphaga,Elateriformia,Elateroidea,Elateridae,,,,,,,NA,NA,,NA,NA,NA,,NA,,NA,NA,,,seq1231,NA,Admera_lib08,,,,,NA,,,,,,,,,
BIOD03463,MSL178,ECU4220-01-02-0001,4220-01-02-0001,Insecta,Coleoptera,Polyphaga,Elateriformia,Elateroidea,Elateridae,,,,,,,NA,NA,,NA,NA,NA,,NA,,NA,NA,,,seq1270,NA,Admera_lib08,,,,,NA,,,,,,,,,
BIOD03597,MSL76,ECU4238-02-0002,4238-02-0002,Insecta,Coleoptera,Polyphaga,Elateriformia,Elateroidea,Elateridae,Elaterinae,,,,,,NA,NA,,NA,NA,NA,,NA,,NA,NA,,,seq138,NA,Admera_lib01,,,,,NA,,,,,,,,,
BIOD03640,MSL2351,KINAB-HQ-05_0015,KINAB-HQ-05_0015,Insecta,Coleoptera,Polyphaga,Elateriformia,Elateroidea,Elateridae,Melanotinae,Melanotini,,Priopus,,,NA,NA,,NA,NA,NA,,NA,,NA,NA,,,seq142,NA,Admera_lib01,,,,,NA,,,,,,,,,
BIOD03716,MSL3786,P22a_0002,P22a-0002,Insecta,Coleoptera,Polyphaga,Elateriformia,Elateroidea,Elateridae,Elaterinae,,,,,,NA,NA,,NA,NA,NA,,NA,,NA,NA,,,seq1499,NA,Admera_lib09,,,,,NA,,,,,,,,,
BIOD03740,,,,Insecta,Coleoptera,Polyphaga,Elateriformia,Elateroidea,Elateridae,,,,,,,NA,NA,,NA,NA,NA,,NA,,NA,NA,,,seq151,NA,Admera_lib01,,,,,NA,,,,,,,,,
BIOD03747,1SO1488,SO_1633,26-1.0018,Insecta,Coleoptera,Polyphaga,Elateriformia,Elateroidea,Elateridae,,,,,,,NA,NA,,NA,NA,NA,,NA,,NA,NA,,,seq1526,NA,Admera_lib09,,,,,NA,,,,,,,,,
BIOD03762,,,,Insecta,Coleoptera,Polyphaga,Elateriformia,Elateroidea,Elateridae,,,,,,,NA,NA,,NA,NA,NA,,NA,,NA,NA,,,seq153,NA,Admera_lib01,,,,,NA,,,,,,,,,
BIOD03781,MSL1110,P13a_0002,P13a-0002,Insecta,Coleoptera,Polyphaga,Elateriformia,Elateroidea,Elateridae,Agrypninae,Agrypnini,,Agrypnus,,,NA,NA,,NA,NA,NA,,NA,,NA,NA,,,seq1556,NA,Admera_lib09,,,,,NA,,,,,,,,,
BIOD03787,1SO432,SO_2060,Chamela_21-0003,Insecta,Coleoptera,Polyphaga,Elateriformia,Elateroidea,Elateridae,,,,,,,NA,NA,,NA,NA,NA,,NA,,NA,NA,,,seq1561,NA,Admera_lib09,,,,,NA,,,,,,,,,
BIOD03896,MSL2910,P21a_0006,P21a-0006,Insecta,Coleoptera,Polyphaga,Elateriformia,Elateroidea,Elateridae,Elaterinae,Synaptini,,,,,NA,NA,,NA,NA,NA,,NA,,NA,NA,,,seq1674,NA,Admera_lib10,,,,,NA,,,,,,,,,
BIOD03982,,,,Insecta,Coleoptera,Polyphaga,Elateriformia,Elateroidea,Elateridae,,,,,,,NA,NA,,NA,NA,NA,,NA,,NA,NA,,,seq1752,NA,Admera_lib10,,,,,NA,,,,,,,,,
BIOD03987,1SO944,SO_1482,3-2.0026 copy,Insecta,Coleoptera,Polyphaga,Elateriformia,Elateroidea,Elateridae,,,,,,,NA,NA,,NA,NA,NA,,NA,,NA,NA,,,seq1759,NA,Admera_lib10,,,,,NA,,,,,,,,,
BIOD04056,1SO4390,SO_2276,Mexico Plate 54.0002,Insecta,Coleoptera,Polyphaga,Elateriformia,Elateroidea,Elateridae,Agrypninae,,,,,,NA,NA,,NA,NA,NA,,NA,,NA,NA,,,seq1822,NA,Admera_lib11,,,,,NA,,,,,,,,,
BIOD04092,1SO2225,SO_2506,Mexico Plate 82-0004,Insecta,Coleoptera,Polyphaga,Elateriformia,Elateroidea,Elateridae,,,,,,,NA,NA,,NA,NA,NA,,NA,,NA,NA,,,seq1855,NA,Admera_lib11,,,,,NA,,,,,,,,,
BIOD04258,MSL118,ECU4237-03-0010,4237-03-0010,Insecta,Coleoptera,Polyphaga,Elateriformia,Elateroidea,Elateridae,,,,,,,NA,NA,,NA,NA,NA,,NA,,NA,NA,,,seq2009,NA,Admera_lib12,,,,,NA,,,,,,,,,
BIOD04271,MSL2882,EG_3645-3664-0016,NHMUK 013573658,Insecta,Coleoptera,Polyphaga,Elateriformia,Elateroidea,Elateridae,,,,,,,NA,NA,,NA,NA,NA,,NA,,NA,NA,,,seq2021,NA,Admera_lib12,,,,,NA,,,,,,,,,
BIOD04275,MSL1402,KINAB-HQ-03_0026,KINAB_HQ-03-0026,Insecta,Coleoptera,Polyphaga,Elateriformia,Elateroidea,Elateridae,Elaterinae,Megapenthini,,,,,NA,NA,,NA,NA,NA,,NA,,NA,NA,,,seq2025,NA,Admera_lib12,,,,,NA,,,,,,,,,
BIOD04342,1SO818,SO_3275,Mizoram_0169,Insecta,Coleoptera,Polyphaga,Elateriformia,Elateroidea,Elateridae,Agrypninae,Agrypnini,,Adelocera,,,NA,NA,,NA,NA,NA,,NA,,NA,NA,,,seq2086,NA,Admera_lib12,,,,,NA,,,,,,,,,
BIOD04467,MSL118,ECU4210-04-0010,4210-04-0010,Insecta,Coleoptera,Polyphaga,Elateriformia,Elateroidea,Elateridae,,,,,,,NA,NA,,NA,NA,NA,,NA,,NA,NA,,,seq2199,NA,Admera_lib13,,,,,NA,,,,,,,,,
BIOD04544,,,,Insecta,Coleoptera,Polyphaga,Elateriformia,Elateroidea,Elateridae,,,,,,,NA,NA,,NA,NA,NA,,NA,,NA,NA,,,seq2268,NA,Admera_lib13,,,,,NA,,,,,,,,,
BIOD04550,,,,Insecta,Coleoptera,Polyphaga,Elateriformia,Elateroidea,Elateridae,,,,,,,NA,NA,,NA,NA,NA,,NA,,NA,NA,,,seq2273,NA,Admera_lib13,,,,,NA,,,,,,,,,
BIOD04559,MSL71,ECU4219-01-0036,4219-01-0036,Insecta,Coleoptera,Polyphaga,Elateriformia,Elateroidea,Elateridae,Lissominae,,,,,,NA,NA,,NA,NA,NA,,NA,,NA,NA,,,seq2284,NA,Admera_lib13,,,,,NA,,,,,,,,,
BIOD04572,MSL137,ECU4205-01-03-0001,4205-01-03-0001,Insecta,Coleoptera,Polyphaga,Elateriformia,Elateroidea,Elateridae,,,,,,,NA,NA,,NA,NA,NA,,NA,,NA,NA,,,seq229,NA,Admera_lib02,,,,,NA,,,,,,,,,
BIOD04655,MSL785,ECU4248-06-0003,4248-06-0003,Insecta,Coleoptera,Polyphaga,Elateriformia,Elateroidea,Elateridae,,,,,,,NA,NA,,NA,NA,NA,,NA,,NA,NA,,,seq237,NA,Admera_lib02,,,,,NA,,,,,,,,,
BIOD04800,MSL2835,KINAB-HQ-08_0002,KINAB_HQ-08-0002,Insecta,Coleoptera,Polyphaga,Elateriformia,Elateroidea,Elateridae,Agrypninae,Oophorini,,Monocrepidius,,,NA,NA,,NA,NA,NA,,NA,,NA,NA,,,seq251,NA,Admera_lib02,,,,,NA,,,,,,,,,
BIOD04855,MSL671,ECU4215-01-01-0003,4215-01-01-0003,Insecta,Coleoptera,Polyphaga,Elateriformia,Elateroidea,Elateridae,Lissominae,,,,,,NA,NA,,NA,NA,NA,,NA,,NA,NA,,,seq256,NA,Admera_lib02,,,,,NA,,,,,,,,,
BIOD04901,MSL2231,P11_0003,P11-0003,Insecta,Coleoptera,Polyphaga,Elateriformia,Elateroidea,Elateridae,Elaterinae,Megapenthini,,,,,NA,NA,,NA,NA,NA,,NA,,NA,NA,,,seq260,NA,Admera_lib02,,,,,NA,,,,,,,,,
BIOD04954,MSL5303,ECU4231-02-01-0002,4231-02-01-0002,Insecta,Coleoptera,Polyphaga,Elateriformia,Elateroidea,Elateridae,,,,,,,NA,NA,,NA,NA,NA,,NA,,NA,NA,,,seq2658,NA,Admera_lib16,,,,,NA,,,,,,,,,
BIOD04960,1SO1315,SO_1504,8-2.0017,Insecta,Coleoptera,Polyphaga,Elateriformia,Elateroidea,Elateridae,,,,,,,NA,NA,,NA,NA,NA,,NA,,NA,NA,,,seq2663,NA,Admera_lib16,,,,,NA,,,,,,,,,
BIOD04989,MSL690,ECU4205-03-02-0005,4205-03-02-0005,Insecta,Coleoptera,Polyphaga,Elateriformia,Elateroidea,Elateridae,,,,,,,NA,NA,,NA,NA,NA,,NA,,NA,NA,,,seq268,NA,Admera_lib02,,,,,NA,,,,,,,,,
BIOD05026,MSL1150,EG_3575-3580-0001,NHMUK 013573575,Insecta,Coleoptera,Polyphaga,Elateriformia,Elateroidea,Elateridae,,,,,,,NA,NA,,NA,NA,NA,,NA,,NA,NA,,,seq2724,NA,Admera_lib16,,,,,NA,,,,,,,,,
BIOD05288,,,,Insecta,Coleoptera,Polyphaga,Elateriformia,Elateroidea,Elateridae,,,,,,,NA,NA,,NA,NA,NA,,NA,,NA,NA,,,seq2964,NA,Admera_lib19,,,,,NA,,,,,,,,,
BIOD05290,MSL779,ECU4207-01-0002,4207-01-0002,Insecta,Coleoptera,Polyphaga,Elateriformia,Elateroidea,Elateridae,Agrypninae,,,,,,NA,NA,,NA,NA,NA,,NA,,NA,NA,,,seq2966,NA,Admera_lib19,,,,,NA,,,,,,,,,
BIOD05328,MSL2819,EMAS-01_0009,EMAS-01-0009,Insecta,Coleoptera,Polyphaga,Elateriformia,Elateroidea,Elateridae,Cebrioninae,Cebrionini,,Cebriorhipis,,,NA,NA,,NA,NA,NA,,NA,,NA,NA,,,seq29,NA,Admera_lib01,,,,,NA,,,,,,,,,
BIOD05442,MSL88,EG_3528-3551-0003,NHMUK 013573530,Insecta,Coleoptera,Polyphaga,Elateriformia,Elateroidea,Elateridae,,,,,,,NA,NA,,NA,NA,NA,,NA,,NA,NA,,,seq3117,NA,Admera_lib26,,,,,NA,,,,,,,,,
BIOD05604,1SO82,SO_1767,LT-1.0018,Insecta,Coleoptera,Polyphaga,Elateriformia,Elateroidea,Elateridae,Agrypninae,,,,,,NA,NA,,NA,NA,NA,,NA,,NA,NA,,,seq3287,NA,Admera_lib28,,,,,NA,,,,,,,,,
BIOD05683,MSL5737,EMAS-01_0002,EMAS-01-0002,Insecta,Coleoptera,Polyphaga,Elateriformia,Elateroidea,Elateridae,Melanotinae,Melanotini,,Melanotus,,,NA,NA,,NA,NA,NA,,NA,,NA,NA,,,seq3359,NA,Admera_lib28,,,,,NA,,,,,,,,,
BIOD05724,MSL396,ECU4204_1-01-0007,4204(1)-01-0007,Insecta,Coleoptera,Polyphaga,Elateriformia,Elateroidea,Elateridae,Agrypninae,,,,,,NA,NA,,NA,NA,NA,,NA,,NA,NA,,,seq352,NA,Admera_lib02,,,,,NA,,,,,,,,,
BIOD05735,MSL595,ECU4228-02-0020,4228-02-0020,Insecta,Coleoptera,Polyphaga,Elateriformia,Elateroidea,Elateridae,,,,,,,NA,NA,,NA,NA,NA,,NA,,NA,NA,,,seq367,NA,Admera_lib03,,,,,NA,,,,,,,,,
BIOD05764,MSL354,ECU4228-02-0007,4228-02-0007,Insecta,Coleoptera,Polyphaga,Elateriformia,Elateroidea,Elateridae,,,,,,,NA,NA,,NA,NA,NA,,NA,,NA,NA,,,seq395,NA,Admera_lib03,,,,,NA,,,,,,,,,
BIOD05925,,,,Insecta,Coleoptera,Polyphaga,Elateriformia,Elateroidea,Elateridae,,,,,,,NA,NA,,NA,NA,NA,,NA,,NA,NA,,,seq53,NA,Admera_lib01,,,,,NA,,,,,,,,,
BIOD06028,MSL22,Bham_A3-0010,Bham_A3-0010,Insecta,Coleoptera,Polyphaga,Elateriformia,Elateroidea,Elateridae,Elaterinae,,,,,,NA,NA,,NA,NA,NA,,NA,,NA,NA,,,seq632,NA,Admera_lib04,,,,,NA,,,,,,,,,
BIOD06031,MSL215,ECU4221-01-01-0027,4221-01-01-0027,Insecta,Coleoptera,Polyphaga,Elateriformia,Elateroidea,Elateridae,,,,,,,NA,NA,,NA,NA,NA,,NA,,NA,NA,,,seq635,NA,Admera_lib04,,,,,NA,,,,,,,,,
BIOD06032,MSL124,ECU4236-04-01-0007,4236-04-01-0007,Insecta,Coleoptera,Polyphaga,Elateriformia,Elateroidea,Elateridae,,,,,,,NA,NA,,NA,NA,NA,,NA,,NA,NA,,,seq636,NA,Admera_lib04,,,,,NA,,,,,,,,,
BIOD06035,MSL1775,P21b_0001,P21b-0001,Insecta,Coleoptera,Polyphaga,Elateriformia,Elateroidea,Elateridae,Elaterinae,Physorhinini,,,,,NA,NA,,NA,NA,NA,,NA,,NA,NA,,,seq639,NA,Admera_lib04,,,,,NA,,,,,,,,,
BIOD06065,MSL5045,P21a_0009,P21a-0009,Insecta,Coleoptera,Polyphaga,Elateriformia,Elateroidea,Elateridae,Elaterinae,,,,,,NA,NA,,NA,NA,NA,,NA,,NA,NA,,,seq666,NA,Admera_lib04,,,,,NA,,,,,,,,,
BIOD06084,MSL179,ECU4203_3-04-02-0001,4203(3)-04-02-0001,Insecta,Coleoptera,Polyphaga,Elateriformia,Elateroidea,Elateridae,,,,,,,NA,NA,,NA,NA,NA,,NA,,NA,NA,,,seq683,NA,Admera_lib04,,,,,NA,,,,,,,,,
BIOD06102,,,,Insecta,Coleoptera,Polyphaga,Elateriformia,Elateroidea,Elateridae,,,,,,,NA,NA,,NA,NA,NA,,NA,,NA,NA,,,seq69,NA,Admera_lib01,,,,,NA,,,,,,,,,
BIOD06156,MSL2489,EG_3552-3560-0013,NHMUK 013573560,Insecta,Coleoptera,Polyphaga,Elateriformia,Elateroidea,Elateridae,,,,,,,NA,NA,,NA,NA,NA,,NA,,NA,NA,,,seq748,NA,Admera_lib04,,,,,NA,,,,,,,,,
BIOD06168,MSL1512,ECU4228-02-0011,4228-02-0011,Insecta,Coleoptera,Polyphaga,Elateriformia,Elateroidea,Elateridae,,,,,,,NA,NA,,NA,NA,NA,,NA,,NA,NA,,,seq75,NA,Admera_lib01,,,,,NA,,,,,,,,,
BIOD06260,MSL951,KINAB-HQ-03_0047,KINAB_HQ-03-0047,Insecta,Coleoptera,Polyphaga,Elateriformia,Elateroidea,Elateridae,Elaterinae,Synaptini,,,,,NA,NA,,NA,NA,NA,,NA,,NA,NA,,,seq851,NA,Admera_lib06,,,,,NA,,,,,,,,,
BIOD06274,MSL2745,ECU4204_1-02-01-0007,4204(1)-02-01-0007,Insecta,Coleoptera,Polyphaga,Elateriformia,Elateroidea,Elateridae,Elaterinae,,,,,,NA,NA,,NA,NA,NA,,NA,,NA,NA,,,seq864,NA,Admera_lib06,,,,,NA,,,,,,,,,
BIOD06289,1SO144,SO_2101,Chamela_26-0024,Insecta,Coleoptera,Polyphaga,Elateriformia,Elateroidea,Elateridae,,,,,,,NA,NA,,NA,NA,NA,,NA,,NA,NA,,,seq878,NA,Admera_lib06,,,,,NA,,,,,,,,,
BIOD06363,MSL1317,KINAB-HQ-01_0033,KINAB_HQ-01-0033,Insecta,Coleoptera,Polyphaga,Elateriformia,Elateroidea,Elateridae,Elaterinae,Synaptini,,,,,NA,NA,,NA,NA,NA,,NA,,NA,NA,,,seq944,NA,Admera_lib06,,,,,NA,,,,,,,,,
BIOD06397,MSL2255,ECU4205-04-03-0011,4205-04-03-0011,Insecta,Coleoptera,Polyphaga,Elateriformia,Elateroidea,Elateridae,Lissominae,Lissomini,,,,,NA,NA,,NA,NA,NA,,NA,,NA,NA,,,seq975,NA,Admera_lib06,,,,,NA,,,,,,,,,
BIOD06470,,,,Insecta,Coleoptera,Polyphaga,Elateriformia,Elateroidea,Elateridae,,,,,,,NA,NA,,NA,NA,NA,,NA,,NA,NA,,,05_44.0.0.16434,NA,Admera_lib05,,,,,NA,,,,,,,,,
BIOD06480,MSL215,ECU4220-01-02-0008,4220-01-02-0008,Insecta,Coleoptera,Polyphaga,Elateriformia,Elateroidea,Elateridae,,,,,,,NA,NA,,NA,NA,NA,,NA,,NA,NA,,,05_54.0.0.16273,NA,Admera_lib05,,,,,NA,,,,,,,,,
BIOD06484,,,,Insecta,Coleoptera,Polyphaga,Elateriformia,Elateroidea,Elateridae,Elaterinae,,,,,,NA,NA,,NA,NA,NA,,NA,,NA,NA,,,05_58.0.0.16214,NA,Admera_lib05,,,,,NA,,,,,,,,,
BIOD06491,MSL672,KINAB-HQ-10_0009,KINAB_HQ-10-0009,Insecta,Coleoptera,Polyphaga,Elateriformia,Elateroidea,Elateridae,Elaterinae,Megapenthini,,,,,NA,NA,,NA,NA,NA,,NA,,NA,NA,,,05_65.0.0.16111,NA,Admera_lib05,,,,,NA,,,,,,,,,
BIOD06851,,,,Insecta,Coleoptera,Polyphaga,Elateriformia,Elateroidea,Elateridae,,,,,,,NA,NA,,NA,NA,NA,,NA,,NA,NA,,,17.234.0.0.3624,NA,Admera_lib17,,,,,NA,,,,,,,,,
BIOD06897,MSL178,ECU4230-01-0024,4230-01-0024,Insecta,Coleoptera,Polyphaga,Elateriformia,Elateroidea,Elateridae,,,,,,,NA,NA,,NA,NA,NA,,NA,,NA,NA,,,20.19.0.0.16628,NA,Admera_lib20,,,,,NA,,,,,,,,,
BIOD06902,MSL76,ECU4250-03-0027,4250-03-0027,Insecta,Coleoptera,Polyphaga,Elateriformia,Elateroidea,Elateridae,Elaterinae,,,,,,NA,NA,,NA,NA,NA,,NA,,NA,NA,,,20.24.0.0.16542,NA,Admera_lib20,,,,,NA,,,,,,,,,
BIOD06904,MSL572,ECU4250-03-0024,4250-03-0024,Insecta,Coleoptera,Polyphaga,Elateriformia,Elateroidea,Elateridae,Elaterinae,,,,,,NA,NA,,NA,NA,NA,,NA,,NA,NA,,,20.26.0.0.16528,NA,Admera_lib20,,,,,NA,,,,,,,,,
BIOD06916,MSL1338,P9_0004,P9-0004,Insecta,Coleoptera,Polyphaga,Elateriformia,Elateroidea,Elateridae,Elaterinae,Synaptini,,,,,NA,NA,,NA,NA,NA,,NA,,NA,NA,,,20.38.0.0.16392,NA,Admera_lib20,,,,,NA,,,,,,,,,
BIOD06917,MSL1338,P9_0004,P9-0004,Insecta,Coleoptera,Polyphaga,Elateriformia,Elateroidea,Elateridae,Elaterinae,Synaptini,,,,,NA,NA,,NA,NA,NA,,NA,,NA,NA,,,20.38.0.0.16392_b,NA,Admera_lib20,,,,,NA,,,,,,,,,
BIOD06937,MSL2052,P18_0009,P18-0009,Insecta,Coleoptera,Polyphaga,Elateriformia,Elateroidea,Elateridae,Elaterinae,Megapenthini,,Procraerus,,,NA,NA,,NA,NA,NA,,NA,,NA,NA,,,20.58.0.0.16082,NA,Admera_lib20,,,,,NA,,,,,,,,,
BIOD06942,MSL22,Bham_M5-0010,Bham_M5-0010,Insecta,Coleoptera,Polyphaga,Elateriformia,Elateroidea,Elateridae,Elaterinae,,,,,,NA,NA,,NA,NA,NA,,NA,,NA,NA,,,20.63.0.0.16012,NA,Admera_lib20,,,,,NA,,,,,,,,,
BIOD06990,MSL1513,ECU4218-01-0012,4218-01-0012,Insecta,Coleoptera,Polyphaga,Elateriformia,Elateroidea,Elateridae,Agrypninae,,,,,,NA,NA,,NA,NA,NA,,NA,,NA,NA,,,20.111.0.0.15446,NA,Admera_lib20,,,,,NA,,,,,,,,,
BIOD07165,MSL76,ECU4250-03-0015,4250-03-0015,Insecta,Coleoptera,Polyphaga,Elateriformia,Elateroidea,Elateridae,Elaterinae,,,,,,NA,NA,,NA,NA,NA,,NA,,NA,NA,,,21.32.0.0.16460,NA,Admera_lib21,,,,,NA,,,,,,,,,
BIOD07170,MSL137,ECU4206-01-0016,4206-01-0016,Insecta,Coleoptera,Polyphaga,Elateriformia,Elateroidea,Elateridae,,,,,,,NA,NA,,NA,NA,NA,,NA,,NA,NA,,,21.37.0.0.16404,NA,Admera_lib21,,,,,NA,,,,,,,,,
BIOD07172,MSL785,ECU4248-06-0013,4248-06-0013,Insecta,Coleoptera,Polyphaga,Elateriformia,Elateroidea,Elateridae,,,,,,,NA,NA,,NA,NA,NA,,NA,,NA,NA,,,21.39.0.0.16399,NA,Admera_lib21,,,,,NA,,,,,,,,,
BIOD07198,MSL1017,KINAB-HQ-03_0042,KINAB_HQ-03-0042,Insecta,Coleoptera,Polyphaga,Elateriformia,Elateroidea,Elateridae,Negastriinae,Quasimusini,,,,,NA,NA,,NA,NA,NA,,NA,,NA,NA,,,21.65.0.0.15977,NA,Admera_lib21,,,,,NA,,,,,,,,,
BIOD07353,MSL7686,P8a_0017,P8a_0017,Insecta,Coleoptera,Polyphaga,Elateriformia,Elateroidea,Elateridae,Negastriinae,Negastriini,,Hypdonus,,,NA,NA,,NA,NA,NA,,NA,,NA,NA,,,21.238.0.0.3231,NA,Admera_lib21,,,,,NA,,,,,,,,,
BIOD07395,MSL76,ECU4250-03-0009,4250-03-0009,Insecta,Coleoptera,Polyphaga,Elateriformia,Elateroidea,Elateridae,Elaterinae,,,,,,NA,NA,,NA,NA,NA,,NA,,NA,NA,,,22.27.0.0.16411,NA,Admera_lib22,,,,,NA,,,,,,,,,
BIOD07399,MSL5297,P3_0007,P3-0007,Insecta,Coleoptera,Polyphaga,Elateriformia,Elateroidea,Elateridae,Elaterinae,,,,,,NA,NA,,NA,NA,NA,,NA,,NA,NA,,,22.30.0.0.16287,NA,Admera_lib22,,,,,NA,,,,,,,,,
BIOD07410,MSL3359,ECU4248-06-0011,4248-06-0011,Insecta,Coleoptera,Polyphaga,Elateriformia,Elateroidea,Elateridae,,,,,,,NA,NA,,NA,NA,NA,,NA,,NA,NA,,,22.41.0.0.16181,NA,Admera_lib22,,,,,NA,,,,,,,,,
BIOD07474,MSL338,P18_0004,P18-0004,Insecta,Coleoptera,Polyphaga,Elateriformia,Elateroidea,Elateridae,Agrypninae,,,,,,NA,NA,,NA,NA,NA,,NA,,NA,NA,,,22.105.0.0.13688,NA,Admera_lib22,,,,,NA,,,,,,,,,
BIOD07478,MSL1567,ECU4201-01-0021,4201-01-0021,Insecta,Coleoptera,Polyphaga,Elateriformia,Elateroidea,Elateridae,,,,,,,NA,NA,,NA,NA,NA,,NA,,NA,NA,,,22.109.0.0.13202,NA,Admera_lib22,,,,,NA,,,,,,,,,
BIOD07534,MSL8033,P18_0010,P18-0010,Insecta,Coleoptera,Polyphaga,Elateriformia,Elateroidea,Elateridae,Elaterinae,Synaptini,,,,,NA,NA,,NA,NA,NA,,NA,,NA,NA,,,22.184.0.0.4745,NA,Admera_lib22,,,,,NA,,,,,,,,,
BIOD07551,,,,Insecta,Coleoptera,Polyphaga,Elateriformia,Elateroidea,Elateridae,,,,,,,NA,NA,,NA,NA,NA,,NA,,NA,NA,,,22.210.0.0.4058,NA,Admera_lib22,,,,,NA,,,,,,,,,
BIOD07631,MSL785,ECU4237-09-0008,4237-09-0008,Insecta,Coleoptera,Polyphaga,Elateriformia,Elateroidea,Elateridae,,,,,,,NA,NA,,NA,NA,NA,,NA,,NA,NA,,,23.36.0.0.16399,NA,Admera_lib23,,,,,NA,,,,,,,,,
BIOD07647,MSL28687,P19_0003,P19-0003,Insecta,Coleoptera,Polyphaga,Elateriformia,Elateroidea,Elateridae,Elaterinae,,,,,,NA,NA,,NA,NA,NA,,NA,,NA,NA,,,23.52.0.0.16197,NA,Admera_lib23,,,,,NA,,,,,,,,,
BIOD07725,MSL1314,ECU4219-01-0021,4219-01-0021,Insecta,Coleoptera,Polyphaga,Elateriformia,Elateroidea,Elateridae,,,,,,,NA,NA,,NA,NA,NA,,NA,,NA,NA,,,23.128.0.0.13153,NA,Admera_lib23,,,,,NA,,,,,,,,,
BIOD07925,MSL5297,P2b_0009,P2b-0009,Insecta,Coleoptera,Polyphaga,Elateriformia,Elateroidea,Elateridae,Elaterinae,,,,,,NA,NA,,NA,NA,NA,,NA,,NA,NA,,,24.47.0.0.16287,NA,Admera_lib24,,,,,NA,,,,,,,,,
BIOD08185,1SO355,SO_3282,Mizoram_0176,Insecta,Coleoptera,Polyphaga,Elateriformia,Elateroidea,Elateridae,Agrypninae,Agrypnini,,Adelocera,,,NA,NA,,NA,NA,NA,,NA,,NA,NA,,,25.86.0.0.9607,NA,Admera_lib25,,,,,NA,,,,,,,,,
BIOD08358,MSL7686,P8a_0017,P8a_0017,Insecta,Coleoptera,Polyphaga,Elateriformia,Elateroidea,Elateridae,Negastriinae,Negastriini,,Hypdonus,,,NA,NA,,NA,NA,NA,,NA,,NA,NA,,,,NA,Admera_lib21,,BIOD07276m_merged BIOD07276+BIOD07291,,,NA,,,,,,,,,
BIOD08452,5MSL13,IB7D-01-0004,INTER_B_7_Dec_01.0004,Insecta,Coleoptera,Polyphaga,Elateriformia,Elateroidea,Elateridae,Elaterinae,Elaterini,Elaterina,Mulsanteus,,,NA,NA,,NA,NA,NA,,NA,,NA,NA,,,10.36.0.0.15918,NA,Earlham_ENQ5139_lib10,,,,,NA,,,,,,,,,
BIOD08702,1SO6894,SO_1112,SK_ML_03_2.0006,Insecta,Coleoptera,Polyphaga,Elateriformia,Elateroidea,Elateridae,Cardiophorinae,,,,,,NA,NA,,NA,NA,NA,,NA,,NA,NA,,,11.34.0.0.16192,NA,Earlham_ENQ5139_lib11,,,,,NA,,,,,,,,,
BIOD08709,,,,Insecta,Coleoptera,Polyphaga,Elateriformia,Elateroidea,Elateridae,Melanotinae,,,,,,NA,NA,,NA,NA,NA,,NA,,NA,NA,,,11.41.0.0.16072,NA,Earlham_ENQ5139_lib11,,,,,NA,,,,,,,,,
BIOD08742,,,,Insecta,Coleoptera,Polyphaga,Elateriformia,Elateroidea,Elateridae,Agrypninae,,,,,,NA,NA,,NA,NA,NA,,NA,,NA,NA,,,11.74.0.0.15144,NA,Earlham_ENQ5139_lib11,,,,,NA,,,,,,,,,
BIOD09358,,,,Insecta,Coleoptera,Polyphaga,Elateriformia,Elateroidea,Elateridae,,,,,,,NA,NA,,NA,NA,NA,,NA,,NA,NA,,,14.156.0.0.8986,NA,Earlham_ENQ5139_lib14,,,,,NA,,,,,,,,,
BIOD09382,,,,Insecta,Coleoptera,Polyphaga,Elateriformia,Elateroidea,Elateridae,,,,,,,NA,NA,,NA,NA,NA,,NA,,NA,NA,,,14.181.0.0.6689,NA,Earlham_ENQ5139_lib14,,,,,NA,,,,,,,,,
BIOD09460,,,,Insecta,Coleoptera,Polyphaga,Elateriformia,Elateroidea,Elateridae,Elaterinae,,,,,,NA,NA,,NA,NA,NA,,NA,,NA,NA,,,14.264.0.0.3883,NA,Earlham_ENQ5139_lib14,,,,,NA,,,,,,,,,
BIOD09554,5MSL115,ID7D22-0101-0001,INTER_D_7_Dec_2_2_0101.0001,Insecta,Coleoptera,Polyphaga,Elateriformia,Elateroidea,Elateridae,Agrypninae,Hemirhipini,,Cryptalaus,,,NA,NA,,NA,NA,NA,,NA,,NA,NA,,,15.30.0.0.16158,NA,Earlham_ENQ5139_lib15,,,,,NA,,,,,,,,,
BIOD09600,1SO1488,SO_1633,26-1.0018,Insecta,Coleoptera,Polyphaga,Elateriformia,Elateroidea,Elateridae,,,,,,,NA,NA,,NA,NA,NA,,NA,,NA,NA,,,15.76.0.0.14091,NA,Earlham_ENQ5139_lib15,,,,,NA,,,,,,,,,
BIOD09676,,,,Insecta,Coleoptera,Polyphaga,Elateriformia,Elateroidea,Elateridae,Agrypninae,,,,,,NA,NA,,NA,NA,NA,,NA,,NA,NA,,,15.152.0.0.5645,NA,Earlham_ENQ5139_lib15,,,,,NA,,,,,,,,,
BIOD09750,,,,Insecta,Coleoptera,Polyphaga,Elateriformia,Elateroidea,Elateridae,,,,,,,NA,NA,,NA,NA,NA,,NA,,NA,NA,,,15.226.0.0.3820,NA,Earlham_ENQ5139_lib15,,,,,NA,,,,,,,,,
BIOD09757,,,,Insecta,Coleoptera,Polyphaga,Elateriformia,Elateroidea,Elateridae,Agrypninae,,,,,,NA,NA,,NA,NA,NA,,NA,,NA,NA,,,15.233.0.0.3673,NA,Earlham_ENQ5139_lib15,,,,,NA,,,,,,,,,
BIOD09771,,,,Insecta,Coleoptera,Polyphaga,Elateriformia,Elateroidea,Elateridae,Agrypninae,,,,,,NA,NA,,NA,NA,NA,,NA,,NA,NA,,,15.247.0.0.3393,NA,Earlham_ENQ5139_lib15,,,,,NA,,,,,,,,,
BIOD09804,,,,Insecta,Coleoptera,Polyphaga,Elateriformia,Elateroidea,Elateridae,Agrypninae,,,,,,NA,NA,,NA,NA,NA,,NA,,NA,NA,,,BIOD08508m,NA,Earlham_ENQ5139_lib10,,merged BIOD08508+BIOD08569,,,NA,,,,,,,,,
BIOD09819,,,,Insecta,Coleoptera,Polyphaga,Elateriformia,Elateroidea,Elateridae,Agrypninae,,,,,,NA,NA,,NA,NA,NA,,NA,,NA,NA,,,BIOD08767m,NA,Earlham_ENQ5139_lib11,,merged BIOD08767+BIOD08831,,,NA,,,,,,,,,
BIOD09870,,,,Insecta,Coleoptera,Polyphaga,Elateriformia,Elateroidea,Elateridae,,,,,,,NA,NA,,NA,NA,NA,,NA,,NA,NA,,,BIOD09340m,NA,Earlham_ENQ5139_lib14,,merged BIOD09340+BIOD09510,,,NA,,,,,,,,,
BIOD09974,MSL6339,EG_3702-3716-0002,NHMUK 013573703,Insecta,Coleoptera,Polyphaga,Elateriformia,Elateroidea,Elateridae,,,,,,,NA,NA,,NA,NA,NA,,NA,,NA,NA,,,BIOD06578m,NA,Admera_lib05,,,,,NA,,Coleoptera,,,,,,,
CCCP00011,,,,Insecta,Coleoptera,Polyphaga,Elateriformia,Elateroidea,Elateridae,,,,,,,NA,NA,OUMNH,NA,NA,NA,Cusuco National Park,NA,Honduras,NA,NA,Creedy T.J.,,P1_11,NA,,Cusuco Canopy Communities Project,,,,NA,,Coleoptera,,Canopy_Fogging,Active,,,Cortes,Tropical Montane Cloud Forest
CCCP00022,,,,Insecta,Coleoptera,Polyphaga,Elateriformia,Elateroidea,Elateridae,,,,,,,NA,NA,OUMNH,NA,NA,NA,Cusuco National Park,NA,Honduras,NA,NA,Creedy T.J.,,P1_21,NA,,Cusuco Canopy Communities Project,,,,NA,,Coleoptera,,Canopy_Fogging,Active,,,Cortes,Tropical Montane Cloud Forest
CCCP00066,,,,Insecta,Coleoptera,Polyphaga,Elateriformia,Elateroidea,Elateridae,,,,,,,NA,NA,OUMNH,NA,NA,NA,Cusuco National Park,NA,Honduras,NA,NA,Creedy T.J.,,P1_66,NA,,Cusuco Canopy Communities Project,,,,NA,,Coleoptera,,Canopy_Fogging,Active,,,Cortes,Tropical Montane Cloud Forest
CCCP00213,,,,Insecta,Coleoptera,Polyphaga,Elateriformia,Elateroidea,Elateridae,Elaterinae,,,,,,NA,NA,OUMNH,NA,NA,NA,Cusuco National Park,NA,Honduras,15.49415,-88.2141,Creedy T.J.,,P3_06,NA,,Cusuco Canopy Communities Project,,,,NA,col007,Elateridae,,Canopy_Fogging,Active,,T3-20,Cortes,Tropical Montane Cloud Forest
CCCP00312,,,,Insecta,Coleoptera,Polyphaga,Elateriformia,Elateroidea,Elateridae,,,,,,,NA,NA,OUMNH,NA,NA,NA,Cusuco National Park,NA,Honduras,15.49415,-88.2141,Creedy T.J.,,P5-09_C_ctg21,NA,,Cusuco Canopy Communities Project,,,,NA,col264,Elateridae,,Canopy_Fogging,Active,,T3-23,Cortes,Tropical Montane Cloud Forest
CCCP00382,,,,Insecta,Coleoptera,Polyphaga,Elateriformia,Elateroidea,Elateridae,,,,,,,NA,NA,OUMNH,NA,NA,NA,Cusuco National Park,NA,Honduras,NA,NA,Creedy T.J.,,P6-22_P_ctg22,NA,,Cusuco Canopy Communities Project,,,,NA,,Coleoptera,,Canopy_Fogging,Active,,,Cortes,Tropical Montane Cloud Forest
GBDL00359,,,,Insecta,Coleoptera,Polyphaga,Elateriformia,Elateroidea,Elateridae,Dendrometrinae,Denticollinae,,Limonius,,Limonius minutus,NA,NA,,NA,NA,NA,,NA,,NA,NA,A. Hunter and J Moriniere,KX087306,KX087306,NA,,German Barcoding,,,,NA,,Limonius minutus,,,,,,,
GBDL00372,,,,Insecta,Coleoptera,Polyphaga,Elateriformia,Elateroidea,Elateridae,Cardiophorinae,,,Dicronychus,,Dicronychus cinereus,NA,NA,,NA,NA,NA,,NA,,NA,NA,A. Hunter and J Moriniere,KX087283,KX087283,NA,,German Barcoding,,representative conspecific,,NA,,Dicronychus cinereus,,,,,,,
GBDL00424,,,,Insecta,Coleoptera,Polyphaga,Elateriformia,Elateroidea,Elateridae,Dendrometrinae,Denticollinae,,Athous,,Athous haemorrhoidalis,NA,NA,BMNH,NA,NA,NA,Richmond Park,NA,United Kingdom,NA,NA,P Arribas,KT876881,KT876881,NA,,Ethanol Preservation Fluid,,,,1425235,,Athous haemorrhoidalis,,Hand_Collection,Active,Manually collected from ground,Adams Pond,London,
GBDL00484,,,,Insecta,Coleoptera,Polyphaga,Elateriformia,Elateroidea,Elateridae,Prosterninae,,,Anostirus,,Anostirus castaneus,NA,NA,,NA,NA,NA,,NA,,NA,NA,A. Hunter and J Moriniere,KX087237,KX087237,NA,,German Barcoding,,,,NA,,Anostirus castaneus,,,,,,,
GBDL00530,,,,Insecta,Coleoptera,Polyphaga,Elateriformia,Elateroidea,Elateridae,Elaterinae,Agriotini,Agriotina,Agriotes,,Agriotes obscurus,NA,NA,BMNH,NA,NA,NA,Richmond Park,NA,United Kingdom,NA,NA,P Arribas,KT876879,KT876879,NA,,Ethanol Preservation Fluid,,,,1425233,,Agriotes obscurus,,Hand_Collection,Active,Manually collected from ground,Adams Pond,London,
GBDL00576,,,,Insecta,Coleoptera,Polyphaga,Elateriformia,Elateroidea,Elateridae,Elaterinae,Adrastini,,Adrastus,,Adrastus rachifer,NA,NA,,NA,NA,NA,,NA,,NA,NA,A. Hunter and J Moriniere,KX087232,KX087232,NA,,German Barcoding,,,,NA,,Adrastus rachifer,,,,,,,
GBDL00625,,,,Insecta,Coleoptera,Polyphaga,Elateriformia,Elateroidea,Elateridae,Agrypninae,Pyrophorini,,Ignelater,,Ignelater luminosus,NA,NA,,NA,NA,NA,Mayaguez,NA,Puerto Rico,18.220055,-67.108802,,MG242621|SRR6339836|GCA_011009095.1,MG242621,NA,,,,unconsidered species duplicate,Elife 7 e36495 (2018),NA,,Ignelater luminosus,,,,,,,
GBDL00663,,,,Insecta,Coleoptera,Polyphaga,Elateriformia,Elateroidea,Elateridae,,,,,,Elateroidea sp. AH-2016,NA,NA,,NA,NA,NA,,NA,,NA,NA,A. Hunter and J Moriniere,KX087287,KX087287,NA,,German Barcoding,,,,NA,,Elateroidea sp. AH-2016,,,,,,,
GBDL00694,,,,Insecta,Coleoptera,Polyphaga,Elateriformia,Elateroidea,Elateridae,,,,,,Elateridae sp. 2 ACP-2013,NA,NA,BMNH,NA,NA,NA,Danum Valley,NA,Malaysia,NA,NA,A Crampton Platt,MH908179,MH908179,NA,,Soup to Tree,,unconsidered species duplicate,,1040457,,Elateridae sp. 2 ACP-2013,,Canopy_Fogging,Active,,,Sabah,
GBDL00710,,,,Insecta,Coleoptera,Polyphaga,Elateriformia,Elateroidea,Elateridae,Melanotinae,,,,,Elateridae sp. 3 ACP-2013,NA,NA,BMNH,NA,NA,NA,Danum Valley,NA,Malaysia,NA,NA,A Crampton Platt,MH836608,MH836608,NA,,Soup to Tree,,,,1040847,,Elateridae sp. 3 ACP-2013,,Canopy_Fogging,Active,,,Sabah,
GBDL00729,,,,Insecta,Coleoptera,Polyphaga,Elateriformia,Elateroidea,Elateridae,,,,,,Elateridae sp. 2 ACP-2013,NA,NA,BMNH,NA,NA,NA,Danum Valley,NA,Malaysia,NA,NA,A Crampton Platt,MH789726,MH789726,NA,,Soup to Tree,,unconsidered species duplicate,,1040627,,Elateridae sp. 2 ACP-2013,,Canopy_Fogging,Active,,,Sabah,
GBDL00733,,,,Insecta,Coleoptera,Polyphaga,Elateriformia,Elateroidea,Elateridae,Melanotinae,Melanotini,,Melanotus,,Melanotus villosus,NA,NA,BMNH,NA,NA,NA,Richmond Park,NA,United Kingdom,NA,NA,P Arribas,SRR2083691|KT876904,KT876904,NA,,Ethanol Preservation Fluid,,representative conspecific,,1425245,,Melanotus villosus,,Hand_Collection,Active,Manually collected from ground,Adams Pond,London,
GBDL00779,,,,Insecta,Coleoptera,Polyphaga,Elateriformia,Elateroidea,Elateridae,,,,,,Elateroidea sp. 9 KM-2017,NA,NA,,NA,NA,NA,Barro Colorado Island,NA,Panama,NA,NA,K Miller,MG193469,MG193469,NA,,Panama Canopy,,,,NA,,Elateroidea sp. 9 KM-2017,,Vein_Trap,Passive,Field trap,,,
GBDL01011,,,,Insecta,Coleoptera,Polyphaga,Elateriformia,Elateroidea,Elateridae,,,,,,Elateroidea sp. 7 KM-2017,NA,NA,,NA,NA,NA,Barro Colorado Island,NA,Panama,NA,NA,K Miller,MG193338,MG193338,NA,,Panama Canopy,,,,NA,,Elateroidea sp. 7 KM-2017,,Vein_Trap,Passive,Field trap,,,
GBDL01044,,,,Insecta,Coleoptera,Polyphaga,Elateriformia,Elateroidea,Elateridae,Physodactylinae,,,Teslasena,,Teslasena femoralis,NA,NA,,NA,NA,NA,,NA,,NA,NA,,KJ938491,KJ938491,NA,,,,,,NA,,Teslasena femoralis,,,,,,,
GBDL01133,,,,Insecta,Coleoptera,Polyphaga,Elateriformia,Elateroidea,Elateridae,Agrypninae,,,,,Coleoptera sp. 1 KM-2017,NA,NA,,NA,NA,NA,Barro Colorado Island,NA,Panama,NA,NA,K Miller,MG193330,MG193330,NA,,Panama Canopy,,unconsidered species duplicate,,NA,,Coleoptera sp. 1 KM-2017,,Vein_Trap,Passive,Field trap,,,
GBDL01250,,,,Insecta,Coleoptera,Polyphaga,Elateriformia,Elateroidea,Elateridae,,,,,,Elateridae sp. GENSP01,NA,NA,BMNH,NA,NA,NA,,NA,South Africa,NA,NA,MJTN Timmermans,JX412817,JX412817,NA,,Mitogenomics Coleoptera,,,,838123,,Elateridae sp. GENSP01,,,,,,,
GBDL01291,,,,Insecta,Coleoptera,Polyphaga,Elateriformia,Elateroidea,Elateridae,Agrypninae,Drilini,,Drilus,,Drilus flavescens,NA,NA,BMNH,NA,NA,NA,Wied Babu,NA,Malta,NA,NA,MJTN Timmermans,HQ232815,HQ232815,NA,LR-PCR,WhyBarcode,,,Nucleic Acids Res. 38 (21) E197 (2010),840459,,Drilus flavescens,,,,,,,
GBDL01372,,,,Insecta,Coleoptera,Polyphaga,Elateriformia,Elateroidea,Elateridae,Cardiophorinae,,,Dicronychus,,Dicronychus sp. DIC01,NA,NA,BMNH,NA,NA,NA,,NA,Slovakia,NA,NA,MJTN Timmermans,JX412848,JX412848,NA,,Mitogenomics Coleoptera,,nonrepresentative conspecific,,844235,,Dicronychus sp. DIC01,,,,,,,
GBDL01401,,,,Insecta,Coleoptera,Polyphaga,Elateriformia,Elateroidea,Elateridae,Elaterinae,Agriotini,Agriotina,Agriotes,,Agriotes ustulatus,NA,NA,BMNH,NA,NA,NA,,NA,Czech Republic,NA,NA,MJTN Timmermans,JX412737,JX412737,NA,,Mitogenomics Coleoptera,,,,842673,,Agriotes ustulatus,,,,,,,
GBDL01517,,,,Insecta,Coleoptera,Polyphaga,Elateriformia,Elateroidea,Elateridae,Elaterinae,Elaterini,,Sericus,,Sericus brunneus,NA,NA,,NA,NA,NA,,NA,,NA,NA,A. Hunter and J Moriniere,KX087344,KX087344,NA,,German Barcoding,,,,NA,,Sericus brunneus,,,,,,,
GBDL01541,,,,Insecta,Coleoptera,Polyphaga,Elateriformia,Elateroidea,Elateridae,Melanotinae,Melanotini,,Melanotus,,Melanotus villosus,NA,NA,,NA,NA,NA,,NA,,NA,NA,A. Hunter and J Moriniere,KX087314,KX087314,NA,,German Barcoding,,nonrepresentative conspecific,,NA,,Melanotus villosus,,,,,,,
GBDL01544,,,,Insecta,Coleoptera,Polyphaga,Elateriformia,Elateroidea,Elateridae,,,,,,Elateroidea sp. 4 KM-2017,NA,NA,,NA,NA,NA,Barro Colorado Island,NA,Panama,NA,NA,K Miller,MG193366,MG193366,NA,,Panama Canopy,,,,NA,,Elateroidea sp. 4 KM-2017,,Vein_Trap,Passive,Field trap,,,
GBDL01560,,,,Insecta,Coleoptera,Polyphaga,Elateriformia,Elateroidea,Elateridae,Dendrometrinae,Dendrometrini,Dendrometrina,Pheletes,,Pheletes quercus,NA,NA,,NA,NA,NA,,NA,,NA,NA,A. Hunter and J Moriniere,KX087332,KX087332,NA,,German Barcoding,,,,NA,,Pheletes quercus,,,,,,,
GBDL01581,,,,Insecta,Coleoptera,Polyphaga,Elateriformia,Elateroidea,Elateridae,,,,,,Coleoptera sp. ACP-2013,NA,NA,,NA,NA,NA,Danum Valley,NA,Malaysia,NA,NA,A Crampton Platt,MH940203,MH940203,NA,,Soup to Tree,,unconsidered species duplicate,,NA,,Elateridae,was Coleoptera sp. ACP-2013,Canopy_Fogging,Active,,,Sabah,
GBDL01591,,,,Insecta,Coleoptera,Polyphaga,Elateriformia,Elateroidea,Elateridae,Negastriinae,Negastriini,,Negastrius,,Negastrius sabulicola,NA,NA,,NA,NA,NA,,NA,,NA,NA,A. Hunter and J Moriniere,KX087320,KX087320,NA,,German Barcoding,,,,NA,,Negastrius sabulicola,,,,,,,
GBDL01600,,,,Insecta,Coleoptera,Polyphaga,Elateriformia,Elateroidea,Elateridae,,,,,,Coleoptera sp. ACP-2013,NA,NA,,NA,NA,NA,Danum Valley,NA,Malaysia,NA,NA,A Crampton Platt,MH940206,MH940206,NA,,Soup to Tree,,unconsidered species duplicate,,NA,,Elateridae,was Coleoptera sp. ACP-2013,Canopy_Fogging,Active,,,Sabah,
GBDL01630,,,,Insecta,Coleoptera,Polyphaga,Elateriformia,Elateroidea,Elateridae,,,,,,Elateridae sp. 1 ACP-2013,NA,NA,BMNH,NA,NA,NA,Danum Valley,NA,Malaysia,NA,NA,A Crampton Platt,MH940175,MH940175,NA,,Soup to Tree,,,,1040423,,Elateridae sp. 1 ACP-2013,,Canopy_Fogging,Active,,,Sabah,
GBDL01791,,,,Insecta,Coleoptera,Polyphaga,Elateriformia,Elateroidea,Elateridae,Agrypninae,Pyrophorini,,Pyrophorus,,Pyrophorus divergens,NA,NA,,NA,NA,NA,Campinas,NA,Brazil,-22.745833,-47.109167,Arnoldi F.G. and Ogoh K. and Ohmiya Y. and Viviani V.R. and Arnoldi F.G.C.,EF398270,EF398270,NA,,,,unconsidered species duplicate,Gene 405 (1-2) pages 1-9 (2007),NA,,Pyrophorus divergens,,,,,,Sao Paulo,
GBDL01841,,,,Insecta,Coleoptera,Polyphaga,Elateriformia,Elateroidea,Elateridae,Agrypninae,Pyrophorini,,Hapsodrilus,,Hapsodrilus ignifer,NA,NA,,NA,NA,NA,Fazenda Santana; Campinas,NA,Brazil,-22.745833,-47.109167,Amaral D.T. and Mitani Y. and Ohmiya Y. and Viviani V.R.,KJ922149,KJ922149,NA,,,,unconsidered species duplicate,Gene (2016) In press,NA,,Hapsodrilus ignifer,,,,,,Sao Paulo,
GBDL01842,,,,Insecta,Coleoptera,Polyphaga,Elateriformia,Elateroidea,Elateridae,Agrypninae,Pyrophorini,,Pyrearinus,,Pyrearinus termitilluminans,NA,NA,,NA,NA,NA,Parque Nacional das Emas; Mineiros,NA,Brazil,-18.083333,-52.916669,Amaral D.T. and Mitani Y. and Ohmiya Y. and Viviani V.R.,KJ922150,KJ922150,NA,,,,unconsidered species duplicate,Gene (2016) In press,NA,,Pyrearinus termitilluminans,,,,,,Goias,
GBDL01887,,,,Insecta,Coleoptera,Polyphaga,Elateriformia,Elateroidea,Elateridae,Dendrometrinae,Denticollinae,,Limonius,,Limonius californicus,NA,NA,,NA,NA,NA,Aberdeen,NA,USA,NA,NA,Gerritsen A.T. and New D.D. and Robison B.D. and Rashed A. and Hohenlohe P. and Forney L. and Rashidi M. and Wilson C.M. and Settles M.L.,KT852377,KT852377,NA,,,,unconsidered species duplicate,Genome Announc 4 (1) e01628-15 (2016),NA,,Limonius californicus,,,,,,Idaho,
GBDL01891,,,,Insecta,Coleoptera,Polyphaga,Elateriformia,Elateroidea,Elateridae,Melanotinae,Melanotini,,Melanotus,,Melanotus villosus,NA,NA,BMNH,NA,NA,NA,,NA,United Kingdom,NA,NA,Linard B. and Arribas P. and Andujar C. and Crampton-Platt A. and Vogler A.P.,KT876904,KT876904,NA,,,,unconsidered species duplicate,,1425245,,Melanotus villosus,,,,,,,
GBDL02064,,,,Insecta,Coleoptera,Polyphaga,Elateriformia,Elateroidea,Elateridae,Agrypninae,Pyrophorini,,Ignelater,,Ignelater luminosus,NA,NA,,NA,NA,NA,Mayaguez,NA,Puerto Rico,18.22005483,-67.10880183,Fallon T.R. and Lower S.E. and Chang C.H. and Bessho-Uehara M. and Martin G.J. and Bewick A.J. and Behringer M. and Debat H.J. and Wong I. and Day J.C. and Suvorov A. and Silva C.J. and Stanger-Hall K.F. and Hall D.W. and Schmitz R.J. and Nelson D.R. and Lewis S.M. and Shigenobu S. and Bybee S.M. and Larracuente A.M. and Oba Y. and Weng J.K. and SanderLower S.E. and Weng J.-K.,MG242621,MG242621,NA,,,,unconsidered species duplicate,Elife 7 e36495 (2018),NA,,Ignelater luminosus,,,,,,,
GBDL02201,,,,Insecta,Coleoptera,Polyphaga,Elateriformia,Elateroidea,Elateridae,Agrypninae,Hemirhipini,,Cryptalaus,,Cryptalaus yamato,NA,NA,,NA,NA,NA,,NA,South Korea,NA,NA,Lee S.-G. and Choi S. and Roh S.J. and Lee B.-W. and Lim J.,MK524933,MK524933,NA,,,,,,NA,,Cryptalaus yamato,,,,,,,
GBDL02274,,,,Insecta,Coleoptera,Polyphaga,Elateriformia,Elateroidea,Elateridae,Elaterinae,Elaterini,Elaterina,Ludioschema,,Ludioschema sulcicolle,NA,NA,,NA,NA,NA,Jianfengling National Nature Reserve,NA,China,18.733333,108.9,Wang Y. and Wang X. and Liu Y.,MK792747,MK792747,NA,,,,,Mitochondrial DNA B Resour 4 (2) pages 2324-2325 (2019),NA,,Ludioschema sulcicolle,,,,,,Hainan,
GBDL02275,,,,Insecta,Coleoptera,Polyphaga,Elateriformia,Elateroidea,Elateridae,Melanotinae,Melanotini,,Melanotus,,Melanotus cribricollis,NA,NA,,NA,NA,NA,Shangluo,NA,China,33.865833,109.951389,Wang Y. and Liu Y.,MK792748,MK792748,NA,,,,,Mitochondrial DNA B Resour 4 (2) pages 3238-3239 (2019),NA,,Melanotus cribricollis,,,,,,Shaanxi,
GBDL02331,,,,Insecta,Coleoptera,Polyphaga,Elateriformia,Elateroidea,Elateridae,Elaterinae,Elaterini,Elaterina,Ludioschema,,Ludioschema vittiger,NA,NA,,NA,NA,NA,Jianfengling National Nature Reserve,NA,China,NA,NA,,MN306531,MN306531,NA,,,,,,NA,,Ludioschema vittiger,,,,,,Hainan,
GBDL02335,,,,Insecta,Coleoptera,Polyphaga,Elateriformia,Elateroidea,Elateridae,Agrypninae,Agrypnini,,Agrypnus,,Agrypnus sp. YD-2019,NA,NA,,NA,NA,NA,Ledong,NA,China,18.766667,108.883333,Du Y. and Liu X. and Long Y. and Cheng S. and Zhong B. and Song X.,MN370897,MN370897,NA,,,,,Mitochondrial DNA B Resour 4 (2) pages 3354-3355 (2019),NA,,Agrypnus sp. YD-2019,,,,,,Hainan,
GBDL02457,,,,Insecta,Coleoptera,Polyphaga,Elateriformia,Elateroidea,Elateridae,Agrypninae,Hemirhipini,,Cryptalaus,,Cryptalaus larvatus,NA,NA,,NA,NA,NA,Fujian Province,NA,China,NA,NA,Li Y.,MT118665,MT118665,NA,,,,,,NA,,Cryptalaus larvatus,,,,,,Minhou,
GBDL02780,,,,Insecta,Coleoptera,Polyphaga,Elateriformia,Elateroidea,Elateridae,Semiotinae,,,Campsosternus,,Campsosternus auratus,NA,NA,,NA,NA,NA,,NA,China,NA,NA,Hou Q. and Zhang X.,MZ727583,MZ727583,NA,,,,,,NA,,Campsosternus auratus,,,,,,,
GBDL02847,,,,Insecta,Coleoptera,Polyphaga,Elateriformia,Elateroidea,Elateridae,Oxynopterinae,,,Pectocera,,,NA,NA,,NA,NA,NA,,NA,,NA,NA,He J. and Yao Y.,OL804015,OL804015,NA,,,,,,NA,,Pectocera,,,,,,,
GBDL02854,,,,Insecta,Coleoptera,Polyphaga,Elateriformia,Elateroidea,Elateridae,Elaterinae,Agriotini,Agriotina,Agriotes,,Agriotes fuscicollis,NA,NA,,NA,NA,NA,Fujian Province,NA,China,NA,NA,Sheng L. and Wu S.,OM161961,OM161961,NA,,,,,,NA,,Agriotes fuscicollis,,,,,,Hongwei,
GBDL02878,,,,Insecta,Coleoptera,Polyphaga,Elateriformia,Elateroidea,Elateridae,Agrypninae,Agrypnini,,Agrypnus,,Agrypnus murinus,NA,NA,,NA,NA,NA,,NA,,NA,NA,,OV816032,OV816032,NA,,,,,,NA,,Agrypnus murinus,,,,,,,
GBDL02968,,,,Insecta,Coleoptera,Polyphaga,Elateriformia,Elateroidea,Elateridae,Tetralobinae,,,Sinelater,,Sinelater perroti,NA,NA,MYN-QL0025,NA,NA,NA,,NA,China,NA,NA,Qiu L.,OP613099,OP613099,NA,,,,,,NA,,Sinelater perroti,,,,,,,
GBDL03029,,,,Insecta,Coleoptera,Polyphaga,Elateriformia,Elateroidea,Elateridae,Agrypninae,,,,,Agrypninae sp. GTI-132,NA,NA,,NA,NA,NA,,NA,China,NA,NA,Huang w. and Song F. and Li H.,OP452711,OP452711,NA,,,,,,NA,,Agrypninae sp. GTI-132,,,,,,,
GBDL03111,,,,Insecta,Coleoptera,Polyphaga,Elateriformia,Elateroidea,Elateridae,Elaterinae,Agriotini,Agriotina,Agriotes,,Agriotes lineatus,NA,NA,,NA,NA,NA,,NA,,NA,NA,King R.,OW618681,OW618681,NA,,,,,,NA,,Agriotes lineatus,,,,,,,
GBDL03112,,,,Insecta,Coleoptera,Polyphaga,Elateriformia,Elateroidea,Elateridae,Elaterinae,Agriotini,Agriotina,Agriotes,,Agriotes hirayamai,NA,NA,,NA,NA,NA,Xinyang,NA,China,31.833,114.083,Lin A. and Zhao X. and Song N. and Zhao T.,MG728108,MG728108,NA,,,,,Mitochondrial DNA B Resour 3 (1) pages 290-291 (2018),NA,,Agriotes hirayamai,,,,,,Henan,
GBDL03115,,,,Insecta,Coleoptera,Polyphaga,Elateriformia,Elateroidea,Elateridae,Tetralobinae,,,Sinelater,,Sinelater perroti,NA,NA,,NA,NA,NA,Guangdong province,NA,China,NA,NA,Chen X. and Jiang S. and Meng Z. and Ruan Y.,OM772654,OM772654,NA,,,,,,NA,,Sinelater perroti,,,,,,Qingyuan City,
GBDL03161,,,,Insecta,Coleoptera,Polyphaga,Elateriformia,Elateroidea,Elateridae,Oxynopterinae,,,Sternocampsus,,Sternocampsus coriaceus,NA,NA,MYN-QL0011,NA,NA,NA,,NA,China,NA,NA,Qiu L.,OP613100,OP613100,NA,,,,,,NA,,Sternocampsus coriaceus,,,,,,,
GBDL03226,,,,Insecta,Coleoptera,Polyphaga,Elateriformia,Elateroidea,Elateridae,Elaterinae,Agriotini,Agriotina,Agriotes,,Agriotes sp. GTI-106,NA,NA,,NA,NA,NA,,NA,China,NA,NA,Huang w. and Song F. and Li H.,OP452713,OP452713,NA,,,,,,NA,,Agriotes sp. GTI-106,,,,,,,
GBDL03285,,,,Insecta,Coleoptera,Polyphaga,Elateriformia,Elateroidea,Elateridae,Elaterinae,Agriotini,Agriotina,Agriotes,,Agriotes sp. GTI-28,NA,NA,,NA,NA,NA,,NA,China,NA,NA,Huang w. and Song F. and Li H.,OP452712,OP452712,NA,,,,,,NA,,Agriotes sp. GTI-28,,,,,,,
GBDL03331,,,,Insecta,Coleoptera,Polyphaga,Elateriformia,Elateroidea,Elateridae,Agrypninae,Agrypnini,,Agrypnus,,Agrypnus binodulus,NA,NA,,NA,NA,NA,,NA,China,NA,NA,Huang w. and Song F. and Li H.,OP452714,OP452714,NA,,,,,,NA,,Agrypnus binodulus,,,,,,,
GBDL03344,,,,Insecta,Coleoptera,Polyphaga,Elateriformia,Elateroidea,Elateridae,Prosterninae,,,Ctenicera,,Ctenicera cuprea,NA,NA,,NA,NA,NA,,NA,,NA,NA,,OY284498,OY284498,NA,,,,,,NA,,Ctenicera cuprea,,,,,,,
GBDL03371,,,,Insecta,Coleoptera,Polyphaga,Elateriformia,Elateroidea,Elateridae,Semiotinae,,,Campsosternus,,Campsosternus auratus,NA,NA,,NA,NA,NA,Guangdong province,NA,China,NA,NA,Chen X. and Jiang S. and Meng Z. and Ruan Y.,OM479514,OM479514,NA,,,,,,NA,,Campsosternus auratus,,,,,,Qingyuan City,
QINL00687,,MEla23,MElat23,Insecta,Coleoptera,Polyphaga,Elateriformia,Elateroidea,Elateridae,,,,,,,NA,NA,,NA,NA,NA,,NA,,NA,NA,,,5.31.0.0.15683,NA,QINL_library05,,,,,NA,,,,,,,,,
QINL00691,,MEla5,MElat5,Insecta,Coleoptera,Polyphaga,Elateriformia,Elateroidea,Elateridae,Agrypninae,Agrypnini,,Agrypnus,,,NA,NA,,NA,NA,NA,,NA,,NA,NA,,,5.35.0.0.15362,NA,QINL_library05,,,,,NA,,,,,,,,,
QINL00795,,MEla3,MElat3,Insecta,Coleoptera,Polyphaga,Elateriformia,Elateroidea,Elateridae,Melanotinae,Melanotini,,Melanotus,,,NA,NA,,NA,NA,NA,,NA,,NA,NA,,,6.19.0.0.16051,NA,QINL_library06,,,,,NA,,,,,,,,,
QINL01218,,MEla17,MElat17,Insecta,Coleoptera,Polyphaga,Elateriformia,Elateroidea,Elateridae,,,,,,,NA,NA,,NA,NA,NA,,NA,,NA,NA,,,QINL00712m,NA,QINL_library05,,merged QINL00712+QINL00728,,,NA,,,,,,,,,
QINL143,,,,Insecta,Coleoptera,Polyphaga,Elateriformia,Elateroidea,Elateridae,,,,,,,NA,NA,,NA,NA,NA,,NA,China,NA,NA,Nie et al,,lib2contig40,NA,lib2,QinLing Mountains Project,,,,NA,MEla49,Coleoptera,,,,,,Qinling,
QINL157,,,,Insecta,Coleoptera,Polyphaga,Elateriformia,Elateroidea,Elateridae,,,,,,,NA,NA,,NA,NA,NA,,NA,China,NA,NA,Nie et al,,lib3contig37,NA,lib3,QinLing Mountains Project,,,,NA,MEla47,Coleoptera,,,,,,Qinling,
QINL166,,,,Insecta,Coleoptera,Polyphaga,Elateriformia,Elateroidea,Elateridae,,,,,,,NA,NA,,NA,NA,NA,,NA,China,NA,NA,Nie et al,,lib4contig16,NA,lib4,QinLing Mountains Project,,,,NA,MEla28,Coleoptera,,,,,,Qinling,
QINL186,,,,Insecta,Coleoptera,Polyphaga,Elateriformia,Elateroidea,Elateridae,,,,,,,NA,NA,,NA,NA,NA,,NA,China,NA,NA,Nie et al,,lib5contig77,NA,lib5,QinLing Mountains Project,,,,NA,MEla29,Coleoptera,,,,,,Qinling,
QINL188,,,,Insecta,Coleoptera,Polyphaga,Elateriformia,Elateroidea,Elateridae,Elaterinae,,,,,,NA,NA,,NA,NA,NA,,NA,China,NA,NA,Nie et al,,lib5contig84,NA,lib5,QinLing Mountains Project,,,,NA,MEla23,Coleoptera,,,,,,Qinling,
QINL196,,,,Insecta,Coleoptera,Polyphaga,Elateriformia,Elateroidea,Elateridae,,,,,,,NA,NA,,NA,NA,NA,,NA,China,NA,NA,Nie et al,,lib5contig132,NA,lib5,QinLing Mountains Project,,,,NA,MCan23,Coleoptera,,,,,,Qinling,
QINL200,,,,Insecta,Coleoptera,Polyphaga,Elateriformia,Elateroidea,Elateridae,,,,,,,NA,NA,,NA,NA,NA,,NA,China,NA,NA,Nie et al,,lib5contig192,NA,lib5,QinLing Mountains Project,,,,NA,MEla38,Coleoptera,,,,,,Qinling,
QINL216,,,,Insecta,Coleoptera,Polyphaga,Elateriformia,Elateroidea,Elateridae,,,,,,,NA,NA,,NA,NA,NA,,NA,China,NA,NA,Nie et al,,lib6contig51,NA,lib6,QinLing Mountains Project,,,,NA,MEla30,Coleoptera,,,,,,Qinling,
QINL217,,,,Insecta,Coleoptera,Polyphaga,Elateriformia,Elateroidea,Elateridae,,,,,,,NA,NA,,NA,NA,NA,,NA,China,NA,NA,Nie et al,,lib7contig6,NA,lib7,QinLing Mountains Project,,,,NA,MEla34,Coleoptera,,,,,,Qinling,
QINL226,,,,Insecta,Coleoptera,Polyphaga,Elateriformia,Elateroidea,Elateridae,,,,,,,NA,NA,,NA,NA,NA,,NA,China,NA,NA,Nie et al,,lib7contig26,NA,lib7,QinLing Mountains Project,,,,NA,MEla33,Coleoptera,,,,,,Qinling,
QINL229,,,,Insecta,Coleoptera,Polyphaga,Elateriformia,Elateroidea,Elateridae,,,,,,,NA,NA,,NA,NA,NA,,NA,China,NA,NA,Nie et al,,lib7contig35,NA,lib7,QinLing Mountains Project,,,,NA,MEla24,Coleoptera,,,,,,Qinling,
QINL230,,,,Insecta,Coleoptera,Polyphaga,Elateriformia,Elateroidea,Elateridae,Agrypninae,,,,,,NA,NA,,NA,NA,NA,,NA,China,NA,NA,Nie et al,,lib7contig41,NA,lib7,QinLing Mountains Project,,,,NA,MEla26,Coleoptera,,,,,,Qinling,
SPSO00016,,,,Insecta,Coleoptera,Polyphaga,Elateriformia,Elateroidea,Elateridae,,,,,,,NA,NA,BMNH,NA,NA,NA,Sierra Madrona,NA,Spain,NA,NA,C Andujar,MK692566,Contig_20_1042671_larva,NA,,Beetles from Soil,,,,1042671,,Elateridae,Larva,Soil_Floating,Active,Deep,,Ciudad Real,
SPSO00026,,,,Insecta,Coleoptera,Polyphaga,Elateriformia,Elateroidea,Elateridae,Cardiophorinae,,,,,,NA,NA,BMNH,NA,NA,NA,Sierra Madrona,NA,Spain,NA,NA,C Andujar,MK692576,Contig_31_1042684_larva,NA,,Beetles from Soil,,,,1042684,,Elateridae,Larva,Soil_Floating,Active,Deep,,Ciudad Real,
SPSO00033,,,,Insecta,Coleoptera,Polyphaga,Elateriformia,Elateroidea,Elateridae,,,,,,,NA,NA,BMNH,NA,NA,NA,Sierra de Cabra,NA,Spain,NA,NA,C Andujar,MK692583,Contig_39_1042504_larva,NA,,Beetles from Soil,,,,1042504,,Elateridae,Larva,Soil_Floating,Active,Deep,,Cordoba,
SPSO00035,,,,Insecta,Coleoptera,Polyphaga,Elateriformia,Elateroidea,Elateridae,Cardiophorinae,,,Cardiophorus,,Cardiophorus signatus,NA,NA,BMNH,NA,NA,NA,Sierra de Grazalema,NA,Spain,NA,NA,C Andujar,MK692585,Contig_41_1041967_Adult_Elateridae,NA,,Beetles from Soil,,,,1041967,,Cardiophorus signatus,,Soil_Floating,Active,Deep,,Cadiz,
SPSO00054,,,,Insecta,Coleoptera,Polyphaga,Elateriformia,Elateroidea,Elateridae,Elaterinae,,,,,,NA,NA,BMNH,NA,NA,NA,Sierra de Cabra,NA,Spain,NA,NA,C Andujar,MK692604,Contig_61_1042605_larva,NA,,Beetles from Soil,,,,1042605,,Elateridae,Larva,Soil_Floating,Active,Deep,,Cordoba,
SPSO00090,,,,Insecta,Coleoptera,Polyphaga,Elateriformia,Elateroidea,Elateridae,Cardiophorinae,,,Cardiophorus,,,NA,NA,BMNH,NA,NA,NA,Sierra Madrona,NA,Spain,NA,NA,C Andujar,MK692640,Contig_105_1042267_Adult_Elateridae,NA,,Beetles from Soil,,,,1042267,,Cardiophorus,,Soil_Floating,Active,Deep,,Ciudad Real,
SPSO00130,,,,Insecta,Coleoptera,Polyphaga,Elateriformia,Elateroidea,Elateridae,Dendrometrinae,,,,,,NA,NA,BMNH,NA,NA,NA,Sierra Madrona,NA,Spain,NA,NA,C Andujar,MK692680,Contig_158_1042710_larva,NA,,Beetles from Soil,,,,1042710,,Elateridae,Larva,Soil_Floating,Active,Deep,,Ciudad Real,
SPSO00181,,,,Insecta,Coleoptera,Polyphaga,Elateriformia,Elateroidea,Elateridae,Melanotinae,Melanotini,,Melanotus,,,NA,NA,,NA,NA,NA,Sierra de Grazalema,NA,Spain,NA,NA,C Andujar,MK692731,Contig_235,NA,,Beetles from Soil,,,,NA,,Melanotus,,Soil_Floating,Active,Floating out of soil,,Cadiz,
SRAA00034,,,,Insecta,Coleoptera,Polyphaga,Elateriformia,Elateroidea,Elateridae,Agrypninae,Drilini,,Drilus,,Drilus concolor,NA,NA,,NA,NA,NA,,NA,,NA,NA,,SRR2083658,Drilus_concolor,NA,,,,,,NA,,Drilus concolor,,,,,,,
GBDL03522,NA,NA,NA,Insecta,Coleoptera,Polyphaga,Elateriformia,Elateroidea,Elateridae,Dendrometrinae,Denticollinae,,Athousius,NA,Athousius wudanganus,NA,GBDL03522,NA,Athousius wudanganus,species,1028072,NA,NA,NA,NA,NA,Liu H. and Xi H. and Kang Z. and Yang Y. and Ge X.,MN507534,MN507534,NA,NA,NA,NA,NA,NA,NA,NA,NA,NA,NA,NA,NA,NA,NA,NA
GBDL03559,NA,NA,NA,Insecta,Coleoptera,Polyphaga,Elateriformia,Elateroidea,Elateridae,Elaterinae,,,Dalopius,NA,Dalopius marginatus,NA,GBDL03559,NA,Dalopius marginatus,species,1553258,NA,NA,NA,NA,NA,,OZ219181,OZ219181,NA,NA,NA,NA,NA,NA,NA,NA,NA,NA,NA,NA,NA,NA,NA,NA
GBDL03680,NA,NA,NA,Insecta,Coleoptera,Polyphaga,Elateriformia,Elateroidea,Elateridae,Elaterinae,,,Silesis,NA,Silesis erberi,NA,GBDL03680,NA,Silesis erberi,species,2939014,NA,NA,NA,NA,NA,Yang Y. and Liu H. and Wang Y. and Ge X.,MT955357,MT955357,NA,NA,NA,NA,NA,NA,NA,NA,NA,NA,NA,NA,NA,NA,NA,NA
GBDL03941,NA,NA,NA,Insecta,Coleoptera,Polyphaga,Elateriformia,Elateroidea,Elateridae,Dendrometrinae,Denticollinae,,Denticollis,NA,Denticollis linearis,NA,GBDL03941,NA,Denticollis linearis,species,333879,NA,NA,NA,NA,NA,,OZ123677,OZ123677,NA,NA,NA,NA,NA,NA,NA,NA,NA,NA,NA,NA,NA,NA,NA,NA
GBDL03942,NA,NA,NA,Insecta,Coleoptera,Polyphaga,Elateriformia,Elateroidea,Elateridae,Dendrometrinae,Denticollinae,,Hemicrepidius,NA,Hemicrepidius niger,NA,GBDL03942,NA,Hemicrepidius niger,species,869179,NA,NA,NA,NA,NA,,OY720169,OY720169,NA,NA,NA,NA,NA,NA,NA,NA,NA,NA,NA,NA,NA,NA,NA,NA
GBDL04005,NA,NA,NA,Insecta,Coleoptera,Polyphaga,Elateriformia,Elateroidea,Elateridae,Prosterninae,,,Actenicerus,NA,Actenicerus siaelandicus,NA,GBDL04005,NA,Actenicerus siaelandicus,species,869165,NA,NA,NA,NA,NA,,OZ174156,OZ174156,NA,NA,NA,NA,NA,NA,NA,NA,NA,NA,NA,NA,NA,NA,NA,NA
GBDL04024,NA,NA,NA,Insecta,Coleoptera,Polyphaga,Elateriformia,Elateroidea,Elateridae,Elaterinae,,,Ampedus,NA,Ampedus sanguinolentus,NA,GBDL04024,NA,Ampedus sanguinolentus,species,941989,NA,NA,NA,NA,NA,,OZ174274,OZ174274,NA,NA,NA,NA,NA,NA,NA,NA,NA,NA,NA,NA,NA,NA,NA,NA
GBDL04049,NA,NA,NA,Insecta,Coleoptera,Polyphaga,Elateriformia,Elateroidea,Elateridae,Melanotinae,,,Melanotus,NA,Melanotus fiumii,NA,GBDL04049,NA,Melanotus fiumii,species,2879486,NA,NA,NA,NA,NA,Liu H. and Xi H. and Kang Z. and Yang Y. and Ge X.,MN507535,MN507535,NA,NA,NA,NA,NA,NA,NA,NA,NA,NA,NA,NA,NA,NA,NA,NA
BIOD04481,MSL2207,ECU4205-03-03-0004,4205-03-03-0004,Insecta,Coleoptera,Polyphaga,Elateriformia,Elateroidea,Cantharidae,Chauliognathinae,,,,,,NA,,,,,NA,,NA,,NA,NA,,,,NA,,,,,,NA,,,,,,,,,
BIOD05238,MSL95,Bham_M5-0003,Bham_M5-0003,Insecta,Coleoptera,Polyphaga,Elateriformia,Elateroidea,Cantharidae,Cantharinae,,,,,,NA,,,,,NA,,NA,,NA,NA,,,,NA,,,,,,NA,,,,,,,,,
GBDL01800,,,,Insecta,Coleoptera,Polyphaga,Elateriformia,Elateroidea,Cantharidae,Chauliognathinae,Chauliognathini,,Chauliognathus,,Chauliognathus opacus,NA,,,,,NA,,NA,,NA,NA,,,,NA,,,,,,NA,,,,,,,,,
GBDL02470,,,,Insecta,Coleoptera,Polyphaga,Elateriformia,Elateroidea,Cantharidae,Cantharinae,Cantharini,,Cantharis,,Cantharis plagiata,NA,,,,,NA,,NA,,NA,NA,,,,NA,,,,,,NA,,,,,,,,,
GBDL03210,,,,Insecta,Coleoptera,Polyphaga,Elateriformia,Elateroidea,Cantharidae,Cantharinae,Cantharini,,Rhagonycha,,Rhagonycha spinosa,NA,,,,,NA,,NA,,NA,NA,,,,NA,,,,,,NA,,,,,,,,,
BIOD02200,6KP2576,MS543,MS543,Insecta,Coleoptera,Polyphaga,Elateriformia,Elateroidea,Cantharidae,Malthininae,Malthodini,,Inmalthodes,,,NA,,,,,NA,,NA,,NA,NA,,,,NA,,,,,,NA,,,,,,,,,
BIOD04273,MSL1272,KINAB-HQ-03_0041,KINAB_HQ-03-0041,Insecta,Coleoptera,Polyphaga,Elateriformia,Elateroidea,Cantharidae,Malthininae,,,,,,NA,,,,,NA,,NA,,NA,NA,,,,NA,,,,,,NA,,,,,,,,,
BIOD01417,6KP1245,MS270,MS270,Insecta,Coleoptera,Polyphaga,Elateriformia,Elateroidea,Cantharidae,Malthininae,Malthodini,,Maltypus,,,NA,,,,,NA,,NA,,NA,NA,,,,NA,,,,,,NA,,,,,,,,,
BIOD01234,6KP695,MS178,MS178,Insecta,Coleoptera,Polyphaga,Elateriformia,Elateroidea,Lampyridae,Luciolinae,,,,,,NA,,,,,NA,,NA,,NA,NA,,,,NA,,,,,,NA,,,,,,,,,
BIOD09553,5MSL269,IA5D22-02-0012,INTER_A_5_DEC_2_2_02.0012,Insecta,Coleoptera,Polyphaga,Elateriformia,Elateroidea,Lampyridae,Ototretinae,,,,,,NA,,,,,NA,,NA,,NA,NA,,,,NA,,,,,,NA,,,,,,,,,
GBDL00296,,,,Insecta,Coleoptera,Polyphaga,Elateriformia,Elateroidea,Lampyridae,Lampyrinae,Photinini,,Ellychnia,,Ellychnia corrusca,NA,,,,,NA,,NA,,NA,NA,,,,NA,,,,,,NA,,,,,,,,,
GBDL01432,,,,Insecta,Coleoptera,Polyphaga,Elateriformia,Elateroidea,Lampyridae,Ototretinae,,,,,Rhagophthalminae sp. GENSP01,NA,,,,,NA,,NA,,NA,NA,,,,NA,,,,,,NA,,,,,,,,,
GBDL02928,,,,Insecta,Coleoptera,Polyphaga,Elateriformia,Elateroidea,Lampyridae,Luciolinae,,,Abscondita,,Abscondita chinensis,NA,,,,,NA,,NA,,NA,NA,,,,NA,,,,,,NA,,,,,,,,,
BIOD02905,6KP3212,CH_MALAISE1_P1_Adult_768_B07_1721696_Lycidae,CH_Lyc8,Insecta,Coleoptera,Polyphaga,Elateriformia,Elateroidea,Lycidae,,,,,,,NA,,,,,NA,,NA,,NA,NA,,,,NA,,,,,,NA,,,,,,,,,
BIOD02747,,,,Insecta,Coleoptera,Polyphaga,Elateriformia,Elateroidea,Lycidae,Erotinae,,,,,,NA,,,,,NA,,NA,,NA,NA,,,,NA,,,,,,NA,,,,,,,,,
BIOD02882,6KP2038,MS118,MS118,Insecta,Coleoptera,Polyphaga,Elateriformia,Elateroidea,Lycidae,,,,,,,NA,,,,,NA,,NA,,NA,NA,,,,NA,,,,,,NA,,,,,,,,,
BIOD02754,6KP2830,SF_MALAISE1_P1_Adult_755_F11_1426981_Lycidae,SF_Lyc6,Insecta,Coleoptera,Polyphaga,Elateriformia,Elateroidea,Lycidae,,,,,,,NA,,,,,NA,,NA,,NA,NA,,,,NA,,,,,,NA,,,,,,,,,
BIOD02667,6KP1497,MS442,MS442,Insecta,Coleoptera,Polyphaga,Elateriformia,Elateroidea,Lycidae,,,,,,,NA,,,,,NA,,NA,,NA,NA,,,,NA,,,,,,NA,,,,,,,,,
BIOD02668,6KP2519,MS443,MS443,Insecta,Coleoptera,Polyphaga,Elateriformia,Elateroidea,Lycidae,Lycinae,Platerodini,,Plateros,,,NA,,,,,NA,,NA,,NA,NA,,,,NA,,,,,,NA,,,,,,,,,
BIOD02987,6KP1479,MS1299,MS1299,Insecta,Coleoptera,Polyphaga,Elateriformia,Elateroidea,Lycidae,,,,,,,NA,,,,,NA,,NA,,NA,NA,,,,NA,,,,,,NA,,,,,,,,,
BIOD03086,6KP1830,CH_FIT1_P1_Adult_758_E06_1427252_Lampyridae,CH_Lamp1,Insecta,Coleoptera,Polyphaga,Elateriformia,Elateroidea,Lycidae,Lycinae,Platerodini,,,,,NA,,,,,NA,,NA,,NA,NA,,,,NA,,,,,,NA,,,,,,,,,
BIOD03104,6KP12148,CH_MALAISE2_P1_Adult_763_G08_1721277_Lycidae,CH_Lyc7,Insecta,Coleoptera,Polyphaga,Elateriformia,Elateroidea,Lycidae,Lycinae,Platerodini,,Plateros,,,NA,,,,,NA,,NA,,NA,NA,,,,NA,,,,,,NA,,,,,,,,,
BIOD02513,6KP10592,SF_MALAISE1_P5_Adult_751_H10_1426524_Lycidae,SF_Lyc12,Insecta,Coleoptera,Polyphaga,Elateriformia,Elateroidea,Lycidae,,,,,,,NA,,,,,NA,,NA,,NA,NA,,,,NA,,,,,,NA,,,,,,,,,
A01544,,,,Insecta,Coleoptera,Polyphaga,Elateriformia,Elateroidea,Elateridae, Plastoceridae,,,Plastocerus,,,,,,,,,,,Turkey,,,Kusy et al 2021,,,,,,,,,,,,,,,,,,
G18014,,,,Insecta,Coleoptera,Polyphaga,Elateriformia,Elateroidea,Elateridae,Agrypninae,,,Drilus,,,,,,,,,,,Spain,,,Kusy et al 2021,,,,,,,,,,,,,,,,,,
G19002,,,,Insecta,Coleoptera,Polyphaga,Elateriformia,Elateroidea,Elateridae,Hemiopinae,,,Hemiop,,,,,,,,,,,Malaysia,,,Kusy et al 2023,,,,,,,,,,,,,,,,,,
G19006,,,,Insecta,Coleoptera,Polyphaga,Elateriformia,Elateroidea,Elateridae,Parablacinae,,,Parablacinae,,,,,,,,,,,Queensland,,,Kusy et al 2021,,,,,,,,,,,,,,,,,,
G19007,,,,Insecta,Coleoptera,Polyphaga,Elateriformia,Elateroidea,Elateridae,Elaterinae,Eudicronychini,,Eudicronychus_rufus,,,,,,,,,,,Zambia,,,Kusy et al 2021,,,,,,,,,,,,,,,,,,
G19010,,,,Insecta,Coleoptera,Polyphaga,Elateriformia,Elateroidea,Elateridae,Cebrioninae,,,Cebrio,,,,,,,,,,,Italy,,,Kusy et al 2023,,,,,,,,,,,,,,,,,,
G19011,,,,Insecta,Coleoptera,Polyphaga,Elateriformia,Elateroidea,Elateridae,Morostomatinae,,,Diplophoenicu,,,,,,,,,,,Madagascar,,,Kusy et al 2021,,,,,,,,,,,,,,,,,,
G20004,,,,Insecta,Coleoptera,Polyphaga,Elateriformia,Elateroidea,Elateridae,Elaterinae,Eudicronychini,,Eudicronychus_sp,,,,,,,,,,,Zambia,,,Kusy et al 2021,,,,,,,,,,,,,,,,,,
G20007,,,,Insecta,Coleoptera,Polyphaga,Elateriformia,Elateroidea,Elateridae,Hapatesinae,,,Hapatesus,,,,,,,,,,,New Guinea,,,Kusy et al 2021,,,,,,,,,,,,,,,,,,
G20012,,,,Insecta,Coleoptera,Polyphaga,Elateriformia,Elateroidea,Elateridae,Pityobiinae,,,Tibionema,,,,,,,,,,,Chile,,,Kusy et al 2021,,,,,,,,,,,,,,,,,,
G21003,,,,Insecta,Coleoptera,Polyphaga,Elateriformia,Elateroidea,Elateridae,Cardiophorinae,,,Analestesa,,,,,,,,,,,Saudi Arabia,,,Kusy et al 2023,,,,,,,,,,,,,,,,,,
G21004,,,,Insecta,Coleoptera,Polyphaga,Elateriformia,Elateroidea,Elateridae,Paulusiellinae,,,Paulusiella,,,,,,,,,,,Iran,,,Kusy et al 2023,,,,,,,,,,,,,,,,,,
G22001,,,,Insecta,Coleoptera,Polyphaga,Elateriformia,Elateroidea,Elateridae,Elaterinae,,,Cebriorhipis,,,,,,,,,,,Indonesia,,,Kusy et al 2023,,,,,,,,,,,,,,,,,,
R19010,,,,Insecta,Coleoptera,Polyphaga,Elateriformia,Elateroidea,Elateridae,Negastriinae,,,Quasimus,,,,,,,,,,,Japan,,,Kusy et al 2023,,,,,,,,,,,,,,,,,,
